,Mean_Expression,Cells_Expressing,Detection_Rate
Gene_1,30.4975,55,13.75
Gene_2,32.8725,59,14.75
Gene_3,33.4325,56,14.0
Gene_4,32.4975,62,15.5
Gene_5,20.195,58,14.5
Gene_6,25.0525,50,12.5
Gene_7,29.2625,49,12.25
Gene_8,31.3775,53,13.25
Gene_9,26.1875,55,13.75
Gene_10,29.3975,61,15.25
Gene_11,26.605,55,13.75
Gene_12,18.29,42,10.5
Gene_13,31.7475,62,15.5
Gene_14,25.585,47,11.75
Gene_15,24.475,45,11.25
Gene_16,20.215,49,12.25
Gene_17,30.34,51,12.75
Gene_18,26.56,56,14.0
Gene_19,26.06,55,13.75
Gene_20,19.9475,45,11.25
Gene_21,34.045,47,11.75
Gene_22,25.04,44,11.0
Gene_23,36.7975,61,15.25
Gene_24,25.31,43,10.75
Gene_25,27.8425,55,13.75
Gene_26,25.115,45,11.25
Gene_27,28.6475,49,12.25
Gene_28,31.3825,55,13.75
Gene_29,36.7675,65,16.25
Gene_30,33.5175,54,13.5
Gene_31,29.465,51,12.75
Gene_32,21.2625,45,11.25
Gene_33,24.16,48,12.0
Gene_34,36.9275,54,13.5
Gene_35,37.58,55,13.75
Gene_36,24.9475,48,12.0
Gene_37,29.8775,53,13.25
Gene_38,38.9275,61,15.25
Gene_39,52.7075,297,74.25
Gene_40,33.4725,50,12.5
Gene_41,23.815,49,12.25
Gene_42,29.51,46,11.5
Gene_43,17.345,49,12.25
Gene_44,22.56,43,10.75
Gene_45,22.9425,53,13.25
Gene_46,25.7475,46,11.5
Gene_47,32.0525,57,14.25
Gene_48,29.5325,49,12.25
Gene_49,28.35,52,13.0
Gene_50,23.6975,47,11.75
Gene_51,21.295,41,10.25
Gene_52,28.7775,52,13.0
Gene_53,55.085,303,75.75
Gene_54,29.965,46,11.5
Gene_55,30.6875,54,13.5
Gene_56,25.625,52,13.0
Gene_57,22.58,48,12.0
Gene_58,21.2475,47,11.75
Gene_59,16.76,41,10.25
Gene_60,23.1225,49,12.25
Gene_61,32.4375,57,14.25
Gene_62,51.31,300,75.0
Gene_63,26.85,51,12.75
Gene_64,31.24,56,14.0
Gene_65,19.1875,48,12.0
Gene_66,22.705,49,12.25
Gene_67,28.6025,51,12.75
Gene_68,45.3725,281,70.25
Gene_69,27.5525,56,14.0
Gene_70,36.595,64,16.0
Gene_71,29.5575,55,13.75
Gene_72,21.0175,51,12.75
Gene_73,23.5,49,12.25
Gene_74,37.175,65,16.25
Gene_75,27.435,56,14.0
Gene_76,26.4475,54,13.5
Gene_77,25.82,54,13.5
Gene_78,28.4475,62,15.5
Gene_79,31.6025,70,17.5
Gene_80,36.76,63,15.75
Gene_81,26.255,50,12.5
Gene_82,24.3225,47,11.75
Gene_83,22.97,55,13.75
Gene_84,38.0875,65,16.25
Gene_85,34.48,65,16.25
Gene_86,51.41,302,75.5
Gene_87,28.1075,50,12.5
Gene_88,27.8125,51,12.75
Gene_89,22.28,46,11.5
Gene_90,24.475,48,12.0
Gene_91,40.505,63,15.75
Gene_92,45.2025,293,73.25
Gene_93,23.84,51,12.75
Gene_94,35.51,49,12.25
Gene_95,21.3975,43,10.75
Gene_96,26.3625,48,12.0
Gene_97,26.7675,56,14.0
Gene_98,30.7125,56,14.0
Gene_99,30.595,61,15.25
Gene_100,31.565,60,15.0
Gene_101,35.6075,57,14.25
Gene_102,26.5825,47,11.75
Gene_103,22.3375,47,11.75
Gene_104,24.96,46,11.5
Gene_105,19.625,35,8.75
Gene_106,25.9775,49,12.25
Gene_107,24.4275,44,11.0
Gene_108,29.715,51,12.75
Gene_109,16.5125,35,8.75
Gene_110,47.13,60,15.0
Gene_111,29.6725,48,12.0
Gene_112,36.7675,64,16.0
Gene_113,55.5675,313,78.25
Gene_114,24.515,45,11.25
Gene_115,24.1475,46,11.5
Gene_116,36.79,55,13.75
Gene_117,25.69,43,10.75
Gene_118,36.4625,57,14.25
Gene_119,22.58,58,14.5
Gene_120,22.2825,47,11.75
Gene_121,36.94,66,16.5
Gene_122,30.89,66,16.5
Gene_123,21.265,44,11.0
Gene_124,27.695,54,13.5
Gene_125,28.945,47,11.75
Gene_126,18.3075,42,10.5
Gene_127,30.36,53,13.25
Gene_128,32.475,65,16.25
Gene_129,33.0975,50,12.5
Gene_130,21.9375,42,10.5
Gene_131,21.845,50,12.5
Gene_132,31.965,64,16.0
Gene_133,30.14,62,15.5
Gene_134,23.98,58,14.5
Gene_135,40.1875,63,15.75
Gene_136,29.5275,61,15.25
Gene_137,35.7575,47,11.75
Gene_138,28.605,57,14.25
Gene_139,27.32,49,12.25
Gene_140,30.56,62,15.5
Gene_141,24.015,45,11.25
Gene_142,34.14,62,15.5
Gene_143,26.4175,46,11.5
Gene_144,33.9825,52,13.0
Gene_145,29.0325,52,13.0
Gene_146,17.2225,49,12.25
Gene_147,49.8075,301,75.25
Gene_148,20.725,52,13.0
Gene_149,33.8275,49,12.25
Gene_150,35.52,47,11.75
Gene_151,33.44,62,15.5
Gene_152,27.1975,57,14.25
Gene_153,24.59,44,11.0
Gene_154,38.75,53,13.25
Gene_155,39.2725,58,14.5
Gene_156,26.4,51,12.75
Gene_157,24.9175,45,11.25
Gene_158,19.2625,40,10.0
Gene_159,26.88,42,10.5
Gene_160,34.8425,63,15.75
Gene_161,31.51,53,13.25
Gene_162,23.68,47,11.75
Gene_163,23.6925,52,13.0
Gene_164,26.78,53,13.25
Gene_165,36.9475,61,15.25
Gene_166,25.7275,44,11.0
Gene_167,24.145,38,9.5
Gene_168,23.595,45,11.25
Gene_169,31.33,53,13.25
Gene_170,28.23,47,11.75
Gene_171,25.9525,52,13.0
Gene_172,40.07,60,15.0
Gene_173,32.1675,50,12.5
Gene_174,34.5275,51,12.75
Gene_175,31.845,47,11.75
Gene_176,34.035,54,13.5
Gene_177,30.8075,51,12.75
Gene_178,31.29,54,13.5
Gene_179,17.78,42,10.5
Gene_180,32.54,43,10.75
Gene_181,25.5425,58,14.5
Gene_182,22.0125,45,11.25
Gene_183,24.4225,45,11.25
Gene_184,24.5075,51,12.75
Gene_185,27.48,63,15.75
Gene_186,20.7175,39,9.75
Gene_187,33.1825,52,13.0
Gene_188,26.675,50,12.5
Gene_189,31.9025,59,14.75
Gene_190,21.245,44,11.0
Gene_191,33.47,54,13.5
Gene_192,22.07,45,11.25
Gene_193,23.78,43,10.75
Gene_194,49.08,297,74.25
Gene_195,26.5275,45,11.25
Gene_196,28.28,46,11.5
Gene_197,26.35,51,12.75
Gene_198,28.685,62,15.5
Gene_199,25.01,49,12.25
Gene_200,25.51,52,13.0
Gene_201,25.86,57,14.25
Gene_202,21.08,40,10.0
Gene_203,30.6325,53,13.25
Gene_204,34.0325,55,13.75
Gene_205,35.0925,57,14.25
Gene_206,53.1675,298,74.5
Gene_207,21.36,43,10.75
Gene_208,50.89,301,75.25
Gene_209,22.795,37,9.25
Gene_210,28.6,56,14.0
Gene_211,32.3725,61,15.25
Gene_212,29.245,51,12.75
Gene_213,28.925,48,12.0
Gene_214,19.9325,47,11.75
Gene_215,34.35,60,15.0
Gene_216,18.97,45,11.25
Gene_217,23.775,48,12.0
Gene_218,24.2,43,10.75
Gene_219,26.22,51,12.75
Gene_220,29.5225,53,13.25
Gene_221,32.1225,57,14.25
Gene_222,34.165,52,13.0
Gene_223,28.32,62,15.5
Gene_224,34.56,58,14.5
Gene_225,28.9425,55,13.75
Gene_226,43.285,66,16.5
Gene_227,33.7625,59,14.75
Gene_228,32.8425,49,12.25
Gene_229,34.6575,64,16.0
Gene_230,26.0475,56,14.0
Gene_231,27.4025,42,10.5
Gene_232,26.945,52,13.0
Gene_233,26.785,47,11.75
Gene_234,31.3875,57,14.25
Gene_235,30.315,53,13.25
Gene_236,47.135,297,74.25
Gene_237,29.1475,57,14.25
Gene_238,35.635,58,14.5
Gene_239,35.2975,56,14.0
Gene_240,27.4925,62,15.5
Gene_241,35.5825,57,14.25
Gene_242,25.8125,56,14.0
Gene_243,26.8475,44,11.0
Gene_244,24.23,45,11.25
Gene_245,26.7775,47,11.75
Gene_246,28.8675,52,13.0
Gene_247,28.25,55,13.75
Gene_248,28.7575,51,12.75
Gene_249,22.4,49,12.25
Gene_250,20.2725,42,10.5
Gene_251,36.64,53,13.25
Gene_252,27.7,51,12.75
Gene_253,19.24,40,10.0
Gene_254,20.58,36,9.0
Gene_255,23.5225,46,11.5
Gene_256,17.6975,45,11.25
Gene_257,30.6325,48,12.0
Gene_258,24.6975,45,11.25
Gene_259,26.53,48,12.0
Gene_260,31.3425,59,14.75
Gene_261,46.57,295,73.75
Gene_262,24.25,51,12.75
Gene_263,45.0725,275,68.75
Gene_264,35.7475,53,13.25
Gene_265,34.445,61,15.25
Gene_266,60.025,315,78.75
Gene_267,22.7525,45,11.25
Gene_268,28.52,54,13.5
Gene_269,34.5525,56,14.0
Gene_270,30.435,62,15.5
Gene_271,34.165,55,13.75
Gene_272,28.905,46,11.5
Gene_273,28.59,52,13.0
Gene_274,23.77,47,11.75
Gene_275,35.8575,65,16.25
Gene_276,21.6575,49,12.25
Gene_277,50.1125,300,75.0
Gene_278,30.13,53,13.25
Gene_279,24.97,53,13.25
Gene_280,34.0025,48,12.0
Gene_281,30.435,50,12.5
Gene_282,28.92,50,12.5
Gene_283,24.64,52,13.0
Gene_284,22.5125,45,11.25
Gene_285,27.9275,51,12.75
Gene_286,27.6125,53,13.25
Gene_287,25.9525,58,14.5
Gene_288,34.105,51,12.75
Gene_289,25.22,48,12.0
Gene_290,41.195,60,15.0
Gene_291,23.6375,51,12.75
Gene_292,28.395,48,12.0
Gene_293,29.77,57,14.25
Gene_294,25.405,49,12.25
Gene_295,33.395,59,14.75
Gene_296,36.5725,59,14.75
Gene_297,23.1625,50,12.5
Gene_298,21.6075,40,10.0
Gene_299,27.395,60,15.0
Gene_300,26.765,45,11.25
Gene_301,27.005,53,13.25
Gene_302,28.2425,51,12.75
Gene_303,30.4025,64,16.0
Gene_304,33.865,61,15.25
Gene_305,28.735,53,13.25
Gene_306,28.015,43,10.75
Gene_307,21.9075,52,13.0
Gene_308,28.715,56,14.0
Gene_309,37.7375,53,13.25
Gene_310,32.585,56,14.0
Gene_311,20.99,45,11.25
Gene_312,21.9325,42,10.5
Gene_313,25.6875,51,12.75
Gene_314,22.645,58,14.5
Gene_315,26.73,57,14.25
Gene_316,26.2575,54,13.5
Gene_317,24.45,48,12.0
Gene_318,50.7125,303,75.75
Gene_319,27.0775,53,13.25
Gene_320,20.345,48,12.0
Gene_321,30.82,49,12.25
Gene_322,35.24,58,14.5
Gene_323,28.605,56,14.0
Gene_324,32.0175,57,14.25
Gene_325,27.6025,42,10.5
Gene_326,23.565,47,11.75
Gene_327,19.905,55,13.75
Gene_328,35.4625,53,13.25
Gene_329,30.6825,57,14.25
Gene_330,35.9575,60,15.0
Gene_331,19.7675,45,11.25
Gene_332,26.28,51,12.75
Gene_333,34.11,65,16.25
Gene_334,24.2325,53,13.25
Gene_335,33.4775,59,14.75
Gene_336,24.4575,50,12.5
Gene_337,36.025,58,14.5
Gene_338,32.9075,47,11.75
Gene_339,30.7725,54,13.5
Gene_340,42.1225,64,16.0
Gene_341,22.8525,37,9.25
Gene_342,19.8425,35,8.75
Gene_343,22.86,50,12.5
Gene_344,20.25,47,11.75
Gene_345,21.455,48,12.0
Gene_346,18.7675,39,9.75
Gene_347,34.3275,62,15.5
Gene_348,27.465,47,11.75
Gene_349,31.3025,54,13.5
Gene_350,28.9475,57,14.25
Gene_351,31.375,50,12.5
Gene_352,25.205,42,10.5
Gene_353,23.2275,49,12.25
Gene_354,30.6375,55,13.75
Gene_355,33.9175,59,14.75
Gene_356,35.335,48,12.0
Gene_357,29.25,51,12.75
Gene_358,32.17,50,12.5
Gene_359,28.965,47,11.75
Gene_360,26.485,54,13.5
Gene_361,51.335,312,78.0
Gene_362,26.6275,56,14.0
Gene_363,31.5625,47,11.75
Gene_364,29.2725,64,16.0
Gene_365,30.0975,57,14.25
Gene_366,32.92,58,14.5
Gene_367,33.295,54,13.5
Gene_368,28.585,55,13.75
Gene_369,30.1025,54,13.5
Gene_370,31.11,54,13.5
Gene_371,31.67,57,14.25
Gene_372,33.1725,53,13.25
Gene_373,27.5675,59,14.75
Gene_374,29.9125,49,12.25
Gene_375,18.1025,49,12.25
Gene_376,25.07,54,13.5
Gene_377,32.015,56,14.0
Gene_378,26.11,47,11.75
Gene_379,30.67,50,12.5
Gene_380,36.9625,65,16.25
Gene_381,27.545,59,14.75
Gene_382,27.4725,50,12.5
Gene_383,32.905,68,17.0
Gene_384,33.73,52,13.0
Gene_385,34.875,58,14.5
Gene_386,27.81,55,13.75
Gene_387,16.4,38,9.5
Gene_388,31.105,53,13.25
Gene_389,25.3475,56,14.0
Gene_390,21.3075,49,12.25
Gene_391,25.2525,49,12.25
Gene_392,36.275,59,14.75
Gene_393,30.435,49,12.25
Gene_394,21.4725,47,11.75
Gene_395,26.285,51,12.75
Gene_396,28.095,49,12.25
Gene_397,23.295,53,13.25
Gene_398,29.72,52,13.0
Gene_399,29.8775,57,14.25
Gene_400,21.2825,46,11.5
Gene_401,19.795,48,12.0
Gene_402,20.3425,50,12.5
Gene_403,33.7,59,14.75
Gene_404,22.8475,45,11.25
Gene_405,36.7375,58,14.5
Gene_406,23.8625,52,13.0
Gene_407,30.6325,57,14.25
Gene_408,49.0825,295,73.75
Gene_409,21.99,49,12.25
Gene_410,38.725,65,16.25
Gene_411,27.1625,59,14.75
Gene_412,26.2875,52,13.0
Gene_413,28.3275,55,13.75
Gene_414,27.1475,46,11.5
Gene_415,15.04,36,9.0
Gene_416,19.6275,43,10.75
Gene_417,29.23,55,13.75
Gene_418,32.64,57,14.25
Gene_419,22.245,53,13.25
Gene_420,31.9875,41,10.25
Gene_421,18.345,46,11.5
Gene_422,23.32,50,12.5
Gene_423,25.735,46,11.5
Gene_424,25.5,56,14.0
Gene_425,41.0325,62,15.5
Gene_426,63.715,303,75.75
Gene_427,26.6675,55,13.75
Gene_428,22.2925,50,12.5
Gene_429,26.91,46,11.5
Gene_430,29.3125,49,12.25
Gene_431,31.9425,61,15.25
Gene_432,17.295,44,11.0
Gene_433,22.895,36,9.0
Gene_434,20.305,43,10.75
Gene_435,36.1325,58,14.5
Gene_436,28.775,58,14.5
Gene_437,28.24,51,12.75
Gene_438,34.28,62,15.5
Gene_439,46.47,67,16.75
Gene_440,25.2725,49,12.25
Gene_441,38.9975,57,14.25
Gene_442,26.075,54,13.5
Gene_443,25.88,55,13.75
Gene_444,32.2125,49,12.25
Gene_445,26.235,42,10.5
Gene_446,31.28,63,15.75
Gene_447,25.6875,51,12.75
Gene_448,25.3925,50,12.5
Gene_449,27.5875,59,14.75
Gene_450,27.25,42,10.5
Gene_451,38.1975,70,17.5
Gene_452,22.635,56,14.0
Gene_453,30.06,50,12.5
Gene_454,21.825,40,10.0
Gene_455,25.3,46,11.5
Gene_456,19.1425,40,10.0
Gene_457,24.6575,46,11.5
Gene_458,29.9025,51,12.75
Gene_459,37.015,54,13.5
Gene_460,26.3225,54,13.5
Gene_461,24.065,43,10.75
Gene_462,30.41,55,13.75
Gene_463,25.465,48,12.0
Gene_464,19.68,46,11.5
Gene_465,27.535,50,12.5
Gene_466,24.4975,50,12.5
Gene_467,26.9825,47,11.75
Gene_468,23.715,47,11.75
Gene_469,28.24,48,12.0
Gene_470,29.8975,57,14.25
Gene_471,34.7625,59,14.75
Gene_472,28.0675,54,13.5
Gene_473,28.525,50,12.5
Gene_474,26.495,47,11.75
Gene_475,30.51,56,14.0
Gene_476,28.95,57,14.25
Gene_477,19.21,43,10.75
Gene_478,23.92,53,13.25
Gene_479,34.52,57,14.25
Gene_480,26.715,49,12.25
Gene_481,35.205,58,14.5
Gene_482,28.7575,56,14.0
Gene_483,31.1575,56,14.0
Gene_484,27.68,49,12.25
Gene_485,33.75,53,13.25
Gene_486,22.815,44,11.0
Gene_487,24.9,47,11.75
Gene_488,35.455,62,15.5
Gene_489,28.5975,50,12.5
Gene_490,24.53,50,12.5
Gene_491,15.88,44,11.0
Gene_492,29.2775,48,12.0
Gene_493,20.275,43,10.75
Gene_494,27.31,41,10.25
Gene_495,32.7375,50,12.5
Gene_496,33.295,58,14.5
Gene_497,35.6125,55,13.75
Gene_498,48.2625,64,16.0
Gene_499,33.515,51,12.75
Gene_500,33.8525,62,15.5
Gene_501,30.215,52,13.0
Gene_502,27.13,58,14.5
Gene_503,23.7675,57,14.25
Gene_504,25.98,55,13.75
Gene_505,35.6325,63,15.75
Gene_506,19.005,37,9.25
Gene_507,34.1,55,13.75
Gene_508,24.23,55,13.75
Gene_509,20.175,44,11.0
Gene_510,33.845,46,11.5
Gene_511,29.1,56,14.0
Gene_512,20.415,46,11.5
Gene_513,29.8175,54,13.5
Gene_514,43.0025,56,14.0
Gene_515,33.705,51,12.75
Gene_516,27.4975,59,14.75
Gene_517,30.665,55,13.75
Gene_518,30.3025,49,12.25
Gene_519,29.265,55,13.75
Gene_520,39.3575,51,12.75
Gene_521,26.1575,52,13.0
Gene_522,29.96,64,16.0
Gene_523,33.395,58,14.5
Gene_524,32.2975,46,11.5
Gene_525,37.4375,67,16.75
Gene_526,32.85,52,13.0
Gene_527,36.2675,61,15.25
Gene_528,20.8775,49,12.25
Gene_529,32.855,45,11.25
Gene_530,23.7175,56,14.0
Gene_531,28.4775,56,14.0
Gene_532,22.1725,40,10.0
Gene_533,24.695,44,11.0
Gene_534,33.4825,56,14.0
Gene_535,21.12,44,11.0
Gene_536,29.185,51,12.75
Gene_537,32.0275,62,15.5
Gene_538,52.5,297,74.25
Gene_539,20.61,50,12.5
Gene_540,34.8275,47,11.75
Gene_541,34.16,57,14.25
Gene_542,19.435,44,11.0
Gene_543,17.3725,42,10.5
Gene_544,39.795,51,12.75
Gene_545,28.6775,53,13.25
Gene_546,38.23,62,15.5
Gene_547,30.84,60,15.0
Gene_548,29.52,53,13.25
Gene_549,29.9875,53,13.25
Gene_550,31.455,53,13.25
Gene_551,25.0325,42,10.5
Gene_552,30.165,52,13.0
Gene_553,13.5425,36,9.0
Gene_554,25.225,59,14.75
Gene_555,29.8025,57,14.25
Gene_556,21.86,46,11.5
Gene_557,23.235,39,9.75
Gene_558,42.88,57,14.25
Gene_559,32.8,58,14.5
Gene_560,25.8275,48,12.0
Gene_561,36.385,55,13.75
Gene_562,31.5825,56,14.0
Gene_563,19.4875,51,12.75
Gene_564,40.0475,63,15.75
Gene_565,24.605,50,12.5
Gene_566,26.6275,58,14.5
Gene_567,33.1475,52,13.0
Gene_568,33.5,55,13.75
Gene_569,24.025,54,13.5
Gene_570,30.415,48,12.0
Gene_571,27.2725,49,12.25
Gene_572,24.7175,51,12.75
Gene_573,31.5825,50,12.5
Gene_574,29.045,54,13.5
Gene_575,27.8925,49,12.25
Gene_576,26.4425,49,12.25
Gene_577,31.4275,45,11.25
Gene_578,51.25,295,73.75
Gene_579,22.8125,46,11.5
Gene_580,32.4775,57,14.25
Gene_581,33.3875,55,13.75
Gene_582,25.845,53,13.25
Gene_583,21.0325,47,11.75
Gene_584,28.2075,45,11.25
Gene_585,34.3825,50,12.5
Gene_586,27.5225,44,11.0
Gene_587,26.735,53,13.25
Gene_588,34.5575,60,15.0
Gene_589,28.97,48,12.0
Gene_590,46.8475,287,71.75
Gene_591,37.785,58,14.5
Gene_592,17.9625,46,11.5
Gene_593,26.235,54,13.5
Gene_594,32.7275,54,13.5
Gene_595,31.14,46,11.5
Gene_596,37.555,63,15.75
Gene_597,31.985,61,15.25
Gene_598,32.2225,64,16.0
Gene_599,26.7375,51,12.75
Gene_600,32.4925,53,13.25
Gene_601,21.0,41,10.25
Gene_602,23.7025,59,14.75
Gene_603,24.8875,48,12.0
Gene_604,27.91,54,13.5
Gene_605,31.925,45,11.25
Gene_606,30.41,49,12.25
Gene_607,30.8225,53,13.25
Gene_608,26.835,46,11.5
Gene_609,28.8325,42,10.5
Gene_610,35.3075,53,13.25
Gene_611,32.945,58,14.5
Gene_612,31.28,63,15.75
Gene_613,36.3925,63,15.75
Gene_614,28.66,56,14.0
Gene_615,22.295,41,10.25
Gene_616,27.9175,51,12.75
Gene_617,27.815,55,13.75
Gene_618,19.8925,41,10.25
Gene_619,27.82,55,13.75
Gene_620,23.2875,48,12.0
Gene_621,40.92,63,15.75
Gene_622,30.04,70,17.5
Gene_623,25.02,50,12.5
Gene_624,32.345,62,15.5
Gene_625,17.83,41,10.25
Gene_626,26.125,53,13.25
Gene_627,19.97,48,12.0
Gene_628,23.93,56,14.0
Gene_629,34.55,54,13.5
Gene_630,34.8275,66,16.5
Gene_631,24.07,43,10.75
Gene_632,27.7625,38,9.5
Gene_633,18.9725,45,11.25
Gene_634,26.6425,56,14.0
Gene_635,28.9,63,15.75
Gene_636,23.06,48,12.0
Gene_637,28.405,53,13.25
Gene_638,29.1425,49,12.25
Gene_639,24.6825,50,12.5
Gene_640,29.0,51,12.75
Gene_641,33.18,62,15.5
Gene_642,20.685,49,12.25
Gene_643,21.2375,49,12.25
Gene_644,22.91,59,14.75
Gene_645,18.4525,43,10.75
Gene_646,24.535,52,13.0
Gene_647,25.5725,52,13.0
Gene_648,33.1825,55,13.75
Gene_649,25.98,51,12.75
Gene_650,30.2425,57,14.25
Gene_651,30.855,53,13.25
Gene_652,29.7,61,15.25
Gene_653,28.5075,52,13.0
Gene_654,27.495,56,14.0
Gene_655,37.9575,55,13.75
Gene_656,24.6325,53,13.25
Gene_657,30.515,52,13.0
Gene_658,22.72,54,13.5
Gene_659,40.8125,59,14.75
Gene_660,25.9825,53,13.25
Gene_661,27.1975,48,12.0
Gene_662,37.96,61,15.25
Gene_663,29.515,47,11.75
Gene_664,26.16,53,13.25
Gene_665,19.745,41,10.25
Gene_666,13.45,48,12.0
Gene_667,24.3075,41,10.25
Gene_668,27.0825,49,12.25
Gene_669,25.9425,56,14.0
Gene_670,25.715,50,12.5
Gene_671,32.0725,57,14.25
Gene_672,20.8375,39,9.75
Gene_673,32.45,54,13.5
Gene_674,17.4425,32,8.0
Gene_675,23.45,56,14.0
Gene_676,20.6275,51,12.75
Gene_677,31.8025,48,12.0
Gene_678,22.8875,52,13.0
Gene_679,48.225,285,71.25
Gene_680,27.3925,45,11.25
Gene_681,42.585,69,17.25
Gene_682,31.145,63,15.75
Gene_683,49.5025,302,75.5
Gene_684,23.2225,44,11.0
Gene_685,27.96,54,13.5
Gene_686,27.0,54,13.5
Gene_687,19.5775,40,10.0
Gene_688,29.5975,50,12.5
Gene_689,23.6075,48,12.0
Gene_690,28.6125,55,13.75
Gene_691,27.36,52,13.0
Gene_692,25.3,49,12.25
Gene_693,30.95,51,12.75
Gene_694,33.5275,60,15.0
Gene_695,38.3775,59,14.75
Gene_696,29.775,55,13.75
Gene_697,32.2325,55,13.75
Gene_698,25.9075,47,11.75
Gene_699,30.83,54,13.5
Gene_700,23.72,49,12.25
Gene_701,26.18,49,12.25
Gene_702,21.41,40,10.0
Gene_703,19.935,45,11.25
Gene_704,24.86,52,13.0
Gene_705,32.6675,50,12.5
Gene_706,29.47,54,13.5
Gene_707,28.915,54,13.5
Gene_708,30.7125,52,13.0
Gene_709,31.0375,60,15.0
Gene_710,21.72,47,11.75
Gene_711,30.8975,42,10.5
Gene_712,25.4375,52,13.0
Gene_713,21.7225,52,13.0
Gene_714,24.6925,49,12.25
Gene_715,28.25,53,13.25
Gene_716,28.755,58,14.5
Gene_717,28.3925,48,12.0
Gene_718,32.3225,53,13.25
Gene_719,49.11,285,71.25
Gene_720,42.7925,60,15.0
Gene_721,28.785,51,12.75
Gene_722,21.1075,45,11.25
Gene_723,26.7075,51,12.75
Gene_724,28.01,49,12.25
Gene_725,25.3925,51,12.75
Gene_726,24.15,50,12.5
Gene_727,24.345,56,14.0
Gene_728,15.095,42,10.5
Gene_729,25.8025,55,13.75
Gene_730,30.525,45,11.25
Gene_731,33.8475,63,15.75
Gene_732,33.6925,50,12.5
Gene_733,29.4575,52,13.0
Gene_734,28.305,54,13.5
Gene_735,32.0525,55,13.75
Gene_736,30.2725,41,10.25
Gene_737,27.59,56,14.0
Gene_738,28.0025,50,12.5
Gene_739,26.2725,44,11.0
Gene_740,37.05,60,15.0
Gene_741,15.6775,40,10.0
Gene_742,31.8625,49,12.25
Gene_743,18.1075,41,10.25
Gene_744,33.4375,51,12.75
Gene_745,29.885,50,12.5
Gene_746,22.6675,47,11.75
Gene_747,31.2825,54,13.5
Gene_748,33.0225,55,13.75
Gene_749,23.32,48,12.0
Gene_750,21.895,48,12.0
Gene_751,28.935,47,11.75
Gene_752,26.115,49,12.25
Gene_753,27.015,41,10.25
Gene_754,29.3475,51,12.75
Gene_755,20.42,51,12.75
Gene_756,20.86,42,10.5
Gene_757,28.1525,60,15.0
Gene_758,34.705,55,13.75
Gene_759,23.97,44,11.0
Gene_760,29.485,52,13.0
Gene_761,31.41,61,15.25
Gene_762,15.095,37,9.25
Gene_763,27.97,49,12.25
Gene_764,27.885,52,13.0
Gene_765,32.295,45,11.25
Gene_766,38.13,58,14.5
Gene_767,30.505,48,12.0
Gene_768,32.8375,57,14.25
Gene_769,26.17,52,13.0
Gene_770,28.905,48,12.0
Gene_771,32.98,49,12.25
Gene_772,25.8575,49,12.25
Gene_773,25.985,36,9.0
Gene_774,25.02,47,11.75
Gene_775,33.5,64,16.0
Gene_776,30.5875,54,13.5
Gene_777,26.4,39,9.75
Gene_778,40.8075,59,14.75
Gene_779,34.4825,56,14.0
Gene_780,23.195,43,10.75
Gene_781,29.405,44,11.0
Gene_782,26.3575,53,13.25
Gene_783,23.06,50,12.5
Gene_784,32.005,51,12.75
Gene_785,52.8525,286,71.5
Gene_786,29.2025,62,15.5
Gene_787,28.0425,49,12.25
Gene_788,34.705,65,16.25
Gene_789,28.86,58,14.5
Gene_790,31.3125,61,15.25
Gene_791,26.1875,43,10.75
Gene_792,17.1575,41,10.25
Gene_793,23.365,52,13.0
Gene_794,35.6825,58,14.5
Gene_795,32.8575,51,12.75
Gene_796,20.055,44,11.0
Gene_797,23.67,48,12.0
Gene_798,25.12,49,12.25
Gene_799,22.29,46,11.5
Gene_800,42.965,59,14.75
Gene_801,22.5,43,10.75
Gene_802,29.06,56,14.0
Gene_803,32.2025,57,14.25
Gene_804,27.855,47,11.75
Gene_805,26.6775,47,11.75
Gene_806,25.77,44,11.0
Gene_807,29.5625,52,13.0
Gene_808,29.8525,50,12.5
Gene_809,30.3125,51,12.75
Gene_810,25.655,45,11.25
Gene_811,23.7675,47,11.75
Gene_812,28.835,47,11.75
Gene_813,35.6325,57,14.25
Gene_814,35.4075,56,14.0
Gene_815,36.5625,55,13.75
Gene_816,24.85,44,11.0
Gene_817,24.86,54,13.5
Gene_818,34.325,61,15.25
Gene_819,22.0375,42,10.5
Gene_820,23.915,46,11.5
Gene_821,28.955,59,14.75
Gene_822,26.615,54,13.5
Gene_823,21.2225,51,12.75
Gene_824,27.5,49,12.25
Gene_825,29.77,58,14.5
Gene_826,28.2925,57,14.25
Gene_827,27.285,44,11.0
Gene_828,28.79,49,12.25
Gene_829,26.7525,54,13.5
Gene_830,30.3225,52,13.0
Gene_831,36.7475,58,14.5
Gene_832,35.15,51,12.75
Gene_833,26.08,52,13.0
Gene_834,24.46,49,12.25
Gene_835,30.945,57,14.25
Gene_836,23.495,47,11.75
Gene_837,27.8325,52,13.0
Gene_838,39.1825,57,14.25
Gene_839,27.0375,50,12.5
Gene_840,27.85,48,12.0
Gene_841,33.805,54,13.5
Gene_842,32.755,52,13.0
Gene_843,26.4975,53,13.25
Gene_844,17.19,40,10.0
Gene_845,26.4175,46,11.5
Gene_846,31.3825,50,12.5
Gene_847,32.0575,49,12.25
Gene_848,25.735,54,13.5
Gene_849,24.43,53,13.25
Gene_850,23.9525,53,13.25
Gene_851,36.95,60,15.0
Gene_852,32.665,46,11.5
Gene_853,29.7775,60,15.0
Gene_854,32.5575,54,13.5
Gene_855,26.8775,50,12.5
Gene_856,31.685,57,14.25
Gene_857,34.285,54,13.5
Gene_858,30.7125,63,15.75
Gene_859,22.74,49,12.25
Gene_860,24.8875,50,12.5
Gene_861,28.7125,51,12.75
Gene_862,16.155,50,12.5
Gene_863,48.265,271,67.75
Gene_864,31.275,61,15.25
Gene_865,32.895,54,13.5
Gene_866,24.3375,45,11.25
Gene_867,26.5475,50,12.5
Gene_868,26.88,50,12.5
Gene_869,32.1125,52,13.0
Gene_870,50.415,299,74.75
Gene_871,32.56,61,15.25
Gene_872,27.8,52,13.0
Gene_873,22.9975,51,12.75
Gene_874,24.6975,50,12.5
Gene_875,25.2575,49,12.25
Gene_876,29.9175,56,14.0
Gene_877,32.2175,56,14.0
Gene_878,23.9025,48,12.0
Gene_879,24.815,55,13.75
Gene_880,38.2625,58,14.5
Gene_881,23.19,48,12.0
Gene_882,23.1375,47,11.75
Gene_883,38.2525,60,15.0
Gene_884,32.9425,55,13.75
Gene_885,24.94,53,13.25
Gene_886,20.62,46,11.5
Gene_887,20.3575,46,11.5
Gene_888,23.6625,42,10.5
Gene_889,37.955,53,13.25
Gene_890,28.8175,54,13.5
Gene_891,39.5575,54,13.5
Gene_892,26.28,50,12.5
Gene_893,25.9525,63,15.75
Gene_894,32.925,53,13.25
Gene_895,20.7,45,11.25
Gene_896,23.115,42,10.5
Gene_897,21.4775,32,8.0
Gene_898,25.78,42,10.5
Gene_899,30.195,51,12.75
Gene_900,26.1175,58,14.5
Gene_901,33.3675,58,14.5
Gene_902,28.9775,56,14.0
Gene_903,33.38,56,14.0
Gene_904,22.67,52,13.0
Gene_905,28.3325,50,12.5
Gene_906,26.32,50,12.5
Gene_907,27.8175,49,12.25
Gene_908,35.2175,53,13.25
Gene_909,33.215,58,14.5
Gene_910,21.0075,50,12.5
Gene_911,25.8425,42,10.5
Gene_912,25.36,55,13.75
Gene_913,27.76,47,11.75
Gene_914,25.2025,48,12.0
Gene_915,20.525,43,10.75
Gene_916,22.515,51,12.75
Gene_917,22.68,50,12.5
Gene_918,20.655,37,9.25
Gene_919,31.1175,51,12.75
Gene_920,41.4475,50,12.5
Gene_921,25.6275,50,12.5
Gene_922,17.93,46,11.5
Gene_923,23.365,57,14.25
Gene_924,22.8125,43,10.75
Gene_925,27.86,47,11.75
Gene_926,37.2575,57,14.25
Gene_927,30.18,46,11.5
Gene_928,24.0575,48,12.0
Gene_929,29.55,60,15.0
Gene_930,23.09,49,12.25
Gene_931,33.5425,59,14.75
Gene_932,20.4725,56,14.0
Gene_933,27.325,50,12.5
Gene_934,29.0225,59,14.75
Gene_935,26.755,59,14.75
Gene_936,18.9,47,11.75
Gene_937,29.585,40,10.0
Gene_938,51.815,306,76.5
Gene_939,31.085,54,13.5
Gene_940,24.595,50,12.5
Gene_941,30.2175,49,12.25
Gene_942,48.305,296,74.0
Gene_943,39.0475,61,15.25
Gene_944,27.0825,47,11.75
Gene_945,27.8175,48,12.0
Gene_946,19.7575,45,11.25
Gene_947,34.5475,57,14.25
Gene_948,23.4475,42,10.5
Gene_949,23.83,51,12.75
Gene_950,32.0075,58,14.5
Gene_951,33.9175,59,14.75
Gene_952,28.2325,43,10.75
Gene_953,26.3075,45,11.25
Gene_954,28.3875,51,12.75
Gene_955,19.8,40,10.0
Gene_956,21.5075,45,11.25
Gene_957,21.025,40,10.0
Gene_958,40.425,75,18.75
Gene_959,29.7725,56,14.0
Gene_960,30.735,50,12.5
Gene_961,33.235,52,13.0
Gene_962,28.04,61,15.25
Gene_963,23.85,50,12.5
Gene_964,37.26,42,10.5
Gene_965,27.4725,51,12.75
Gene_966,33.6675,45,11.25
Gene_967,30.6775,46,11.5
Gene_968,26.2675,39,9.75
Gene_969,22.9525,50,12.5
Gene_970,28.6575,61,15.25
Gene_971,26.4225,43,10.75
Gene_972,33.99,56,14.0
Gene_973,33.38,54,13.5
Gene_974,28.88,55,13.75
Gene_975,22.76,46,11.5
Gene_976,32.01,49,12.25
Gene_977,29.165,49,12.25
Gene_978,27.3325,55,13.75
Gene_979,25.3025,51,12.75
Gene_980,29.285,54,13.5
Gene_981,27.5075,50,12.5
Gene_982,23.3025,52,13.0
Gene_983,32.7525,56,14.0
Gene_984,29.075,48,12.0
Gene_985,40.075,64,16.0
Gene_986,29.6075,60,15.0
Gene_987,25.7925,38,9.5
Gene_988,30.7275,59,14.75
Gene_989,38.5875,58,14.5
Gene_990,37.125,63,15.75
Gene_991,24.87,47,11.75
Gene_992,28.4275,66,16.5
Gene_993,30.535,49,12.25
Gene_994,41.4725,55,13.75
Gene_995,35.32,51,12.75
Gene_996,35.7375,54,13.5
Gene_997,32.6125,51,12.75
Gene_998,21.0225,55,13.75
Gene_999,30.3,48,12.0
Gene_1000,30.8225,57,14.25
Gene_1001,43.65,65,16.25
Gene_1002,22.4925,49,12.25
Gene_1003,29.965,52,13.0
Gene_1004,22.2425,44,11.0
Gene_1005,30.5825,52,13.0
Gene_1006,26.595,52,13.0
Gene_1007,30.095,59,14.75
Gene_1008,25.28,46,11.5
Gene_1009,30.9725,50,12.5
Gene_1010,25.0925,50,12.5
Gene_1011,24.5375,46,11.5
Gene_1012,25.95,47,11.75
Gene_1013,21.6525,49,12.25
Gene_1014,23.005,48,12.0
Gene_1015,20.6,43,10.75
Gene_1016,38.675,61,15.25
Gene_1017,35.6575,54,13.5
Gene_1018,28.905,48,12.0
Gene_1019,23.815,49,12.25
Gene_1020,27.0325,55,13.75
Gene_1021,34.375,58,14.5
Gene_1022,23.395,41,10.25
Gene_1023,27.86,54,13.5
Gene_1024,27.5125,47,11.75
Gene_1025,30.315,54,13.5
Gene_1026,30.4,45,11.25
Gene_1027,22.61,55,13.75
Gene_1028,37.4525,63,15.75
Gene_1029,30.4425,54,13.5
Gene_1030,27.7,48,12.0
Gene_1031,23.325,42,10.5
Gene_1032,36.6675,56,14.0
Gene_1033,29.6625,63,15.75
Gene_1034,22.7525,49,12.25
Gene_1035,31.515,58,14.5
Gene_1036,26.2725,55,13.75
Gene_1037,30.735,52,13.0
Gene_1038,32.465,50,12.5
Gene_1039,29.5225,49,12.25
Gene_1040,31.8625,61,15.25
Gene_1041,27.42,59,14.75
Gene_1042,31.465,51,12.75
Gene_1043,28.28,51,12.75
Gene_1044,30.5125,45,11.25
Gene_1045,37.105,46,11.5
Gene_1046,23.7525,52,13.0
Gene_1047,27.2175,48,12.0
Gene_1048,53.635,296,74.0
Gene_1049,52.445,300,75.0
Gene_1050,28.35,48,12.0
Gene_1051,24.0,45,11.25
Gene_1052,22.32,44,11.0
Gene_1053,21.2575,43,10.75
Gene_1054,49.005,293,73.25
Gene_1055,30.6,61,15.25
Gene_1056,26.2775,51,12.75
Gene_1057,32.005,57,14.25
Gene_1058,29.535,51,12.75
Gene_1059,31.335,58,14.5
Gene_1060,22.7825,48,12.0
Gene_1061,27.3425,54,13.5
Gene_1062,26.755,47,11.75
Gene_1063,24.695,44,11.0
Gene_1064,22.5025,46,11.5
Gene_1065,30.2475,53,13.25
Gene_1066,34.1725,47,11.75
Gene_1067,26.9725,52,13.0
Gene_1068,25.615,51,12.75
Gene_1069,37.2575,50,12.5
Gene_1070,31.045,57,14.25
Gene_1071,27.5225,54,13.5
Gene_1072,26.01,43,10.75
Gene_1073,28.8275,65,16.25
Gene_1074,22.0225,47,11.75
Gene_1075,28.5625,50,12.5
Gene_1076,29.1425,45,11.25
Gene_1077,27.715,48,12.0
Gene_1078,29.1125,44,11.0
Gene_1079,31.1375,63,15.75
Gene_1080,31.5575,51,12.75
Gene_1081,50.4275,294,73.5
Gene_1082,30.0975,50,12.5
Gene_1083,31.33,58,14.5
Gene_1084,33.355,59,14.75
Gene_1085,32.4825,52,13.0
Gene_1086,32.0075,65,16.25
Gene_1087,35.28,56,14.0
Gene_1088,35.35,62,15.5
Gene_1089,30.0625,52,13.0
Gene_1090,21.0325,48,12.0
Gene_1091,23.9,48,12.0
Gene_1092,53.005,282,70.5
Gene_1093,25.395,52,13.0
Gene_1094,34.0675,58,14.5
Gene_1095,29.415,45,11.25
Gene_1096,28.3675,64,16.0
Gene_1097,27.13,48,12.0
Gene_1098,27.8625,60,15.0
Gene_1099,29.61,51,12.75
Gene_1100,28.33,55,13.75
Gene_1101,32.44,51,12.75
Gene_1102,34.36,52,13.0
Gene_1103,29.5225,55,13.75
Gene_1104,32.0575,57,14.25
Gene_1105,23.98,59,14.75
Gene_1106,23.86,52,13.0
Gene_1107,27.45,44,11.0
Gene_1108,31.3375,57,14.25
Gene_1109,32.3275,52,13.0
Gene_1110,24.705,43,10.75
Gene_1111,25.64,54,13.5
Gene_1112,27.5025,41,10.25
Gene_1113,25.52,53,13.25
Gene_1114,49.0025,294,73.5
Gene_1115,30.365,50,12.5
Gene_1116,24.5075,42,10.5
Gene_1117,32.795,58,14.5
Gene_1118,34.0275,54,13.5
Gene_1119,23.755,52,13.0
Gene_1120,24.8975,44,11.0
Gene_1121,26.985,46,11.5
Gene_1122,30.72,45,11.25
Gene_1123,20.6325,50,12.5
Gene_1124,35.12,64,16.0
Gene_1125,31.085,58,14.5
Gene_1126,34.635,55,13.75
Gene_1127,17.4275,36,9.0
Gene_1128,45.04,290,72.5
Gene_1129,37.67,59,14.75
Gene_1130,25.04,41,10.25
Gene_1131,36.695,55,13.75
Gene_1132,28.45,54,13.5
Gene_1133,30.3425,49,12.25
Gene_1134,26.255,40,10.0
Gene_1135,25.85,47,11.75
Gene_1136,30.42,55,13.75
Gene_1137,43.375,61,15.25
Gene_1138,22.8575,47,11.75
Gene_1139,22.925,44,11.0
Gene_1140,24.995,52,13.0
Gene_1141,25.3225,47,11.75
Gene_1142,36.045,55,13.75
Gene_1143,33.3,54,13.5
Gene_1144,29.595,63,15.75
Gene_1145,31.1825,53,13.25
Gene_1146,32.345,55,13.75
Gene_1147,29.985,50,12.5
Gene_1148,36.82,62,15.5
Gene_1149,33.9575,61,15.25
Gene_1150,24.635,57,14.25
Gene_1151,42.93,55,13.75
Gene_1152,23.245,42,10.5
Gene_1153,32.4275,52,13.0
Gene_1154,49.03,291,72.75
Gene_1155,23.8525,39,9.75
Gene_1156,28.07,48,12.0
Gene_1157,31.3925,57,14.25
Gene_1158,19.915,49,12.25
Gene_1159,36.0025,51,12.75
Gene_1160,18.15,40,10.0
Gene_1161,35.6075,59,14.75
Gene_1162,31.4925,50,12.5
Gene_1163,20.49,45,11.25
Gene_1164,39.83,55,13.75
Gene_1165,31.58,58,14.5
Gene_1166,34.465,59,14.75
Gene_1167,29.8,58,14.5
Gene_1168,29.8775,49,12.25
Gene_1169,19.525,38,9.5
Gene_1170,33.44,50,12.5
Gene_1171,29.39,49,12.25
Gene_1172,27.1025,50,12.5
Gene_1173,31.2575,54,13.5
Gene_1174,29.44,51,12.75
Gene_1175,31.5075,46,11.5
Gene_1176,28.87,50,12.5
Gene_1177,31.775,53,13.25
Gene_1178,47.4175,289,72.25
Gene_1179,29.96,56,14.0
Gene_1180,29.7225,61,15.25
Gene_1181,29.68,50,12.5
Gene_1182,30.955,62,15.5
Gene_1183,21.9825,45,11.25
Gene_1184,38.05,54,13.5
Gene_1185,27.735,41,10.25
Gene_1186,39.3625,60,15.0
Gene_1187,31.195,53,13.25
Gene_1188,28.1175,50,12.5
Gene_1189,33.935,62,15.5
Gene_1190,26.7275,66,16.5
Gene_1191,31.1775,48,12.0
Gene_1192,22.8575,45,11.25
Gene_1193,27.1,54,13.5
Gene_1194,27.355,58,14.5
Gene_1195,26.915,60,15.0
Gene_1196,19.5375,38,9.5
Gene_1197,28.8975,54,13.5
Gene_1198,25.61,54,13.5
Gene_1199,32.8375,66,16.5
Gene_1200,23.385,48,12.0
Gene_1201,38.45,60,15.0
Gene_1202,29.14,44,11.0
Gene_1203,22.7825,53,13.25
Gene_1204,27.975,57,14.25
Gene_1205,49.9225,297,74.25
Gene_1206,28.3975,46,11.5
Gene_1207,21.4375,43,10.75
Gene_1208,32.31,54,13.5
Gene_1209,44.5475,282,70.5
Gene_1210,17.38,43,10.75
Gene_1211,34.3175,62,15.5
Gene_1212,27.585,52,13.0
Gene_1213,28.125,58,14.5
Gene_1214,34.345,64,16.0
Gene_1215,23.745,54,13.5
Gene_1216,30.64,49,12.25
Gene_1217,33.755,61,15.25
Gene_1218,18.78,45,11.25
Gene_1219,31.3,55,13.75
Gene_1220,30.9425,60,15.0
Gene_1221,23.24,47,11.75
Gene_1222,20.535,48,12.0
Gene_1223,33.195,48,12.0
Gene_1224,22.59,44,11.0
Gene_1225,29.8175,53,13.25
Gene_1226,21.06,55,13.75
Gene_1227,23.645,51,12.75
Gene_1228,28.3925,51,12.75
Gene_1229,27.39,45,11.25
Gene_1230,23.07,47,11.75
Gene_1231,28.685,49,12.25
Gene_1232,33.245,56,14.0
Gene_1233,28.9275,54,13.5
Gene_1234,26.0275,46,11.5
Gene_1235,19.6475,48,12.0
Gene_1236,20.885,46,11.5
Gene_1237,23.5575,49,12.25
Gene_1238,34.755,62,15.5
Gene_1239,28.7125,62,15.5
Gene_1240,25.4125,51,12.75
Gene_1241,28.8625,54,13.5
Gene_1242,33.7825,57,14.25
Gene_1243,37.2725,52,13.0
Gene_1244,25.4425,42,10.5
Gene_1245,31.1075,52,13.0
Gene_1246,24.475,44,11.0
Gene_1247,30.9675,48,12.0
Gene_1248,41.395,52,13.0
Gene_1249,37.345,52,13.0
Gene_1250,24.845,46,11.5
Gene_1251,25.215,50,12.5
Gene_1252,31.2225,52,13.0
Gene_1253,32.2275,55,13.75
Gene_1254,29.1125,53,13.25
Gene_1255,26.9525,51,12.75
Gene_1256,33.1175,60,15.0
Gene_1257,33.0475,54,13.5
Gene_1258,33.345,64,16.0
Gene_1259,33.5175,56,14.0
Gene_1260,26.9375,45,11.25
Gene_1261,25.8125,45,11.25
Gene_1262,32.2675,54,13.5
Gene_1263,26.8375,46,11.5
Gene_1264,35.275,55,13.75
Gene_1265,22.31,43,10.75
Gene_1266,18.58,40,10.0
Gene_1267,29.875,51,12.75
Gene_1268,22.3325,50,12.5
Gene_1269,26.4775,51,12.75
Gene_1270,32.6725,55,13.75
Gene_1271,31.4475,53,13.25
Gene_1272,27.345,54,13.5
Gene_1273,31.65,56,14.0
Gene_1274,31.7175,48,12.0
Gene_1275,36.735,55,13.75
Gene_1276,16.9675,40,10.0
Gene_1277,24.6225,53,13.25
Gene_1278,26.2,49,12.25
Gene_1279,32.94,51,12.75
Gene_1280,24.465,48,12.0
Gene_1281,39.97,59,14.75
Gene_1282,25.8775,51,12.75
Gene_1283,25.88,56,14.0
Gene_1284,27.225,51,12.75
Gene_1285,32.6325,47,11.75
Gene_1286,31.3075,57,14.25
Gene_1287,26.9525,59,14.75
Gene_1288,20.105,50,12.5
Gene_1289,28.5875,59,14.75
Gene_1290,23.075,42,10.5
Gene_1291,48.8175,294,73.5
Gene_1292,27.9925,53,13.25
Gene_1293,28.3025,47,11.75
Gene_1294,23.8525,48,12.0
Gene_1295,22.185,50,12.5
Gene_1296,19.2275,37,9.25
Gene_1297,32.1725,56,14.0
Gene_1298,32.335,53,13.25
Gene_1299,43.2525,66,16.5
Gene_1300,30.1325,49,12.25
Gene_1301,21.3125,45,11.25
Gene_1302,28.36,59,14.75
Gene_1303,33.4925,45,11.25
Gene_1304,30.03,54,13.5
Gene_1305,35.035,61,15.25
Gene_1306,22.8,50,12.5
Gene_1307,23.7125,50,12.5
Gene_1308,38.5425,49,12.25
Gene_1309,26.9175,47,11.75
Gene_1310,26.6375,50,12.5
Gene_1311,27.36,44,11.0
Gene_1312,21.2275,44,11.0
Gene_1313,33.6875,51,12.75
Gene_1314,30.185,49,12.25
Gene_1315,25.53,55,13.75
Gene_1316,53.435,305,76.25
Gene_1317,38.32,59,14.75
Gene_1318,17.0025,49,12.25
Gene_1319,18.325,47,11.75
Gene_1320,34.4725,56,14.0
Gene_1321,34.8675,57,14.25
Gene_1322,36.7825,61,15.25
Gene_1323,27.3875,50,12.5
Gene_1324,34.15,54,13.5
Gene_1325,23.81,45,11.25
Gene_1326,21.07,47,11.75
Gene_1327,23.175,42,10.5
Gene_1328,20.4925,46,11.5
Gene_1329,38.4875,66,16.5
Gene_1330,29.07,48,12.0
Gene_1331,30.1875,48,12.0
Gene_1332,57.705,311,77.75
Gene_1333,24.655,49,12.25
Gene_1334,25.3925,48,12.0
Gene_1335,21.2325,51,12.75
Gene_1336,38.925,54,13.5
Gene_1337,31.315,52,13.0
Gene_1338,54.2325,295,73.75
Gene_1339,22.145,51,12.75
Gene_1340,21.2075,53,13.25
Gene_1341,19.2675,39,9.75
Gene_1342,31.5125,50,12.5
Gene_1343,38.2325,54,13.5
Gene_1344,29.5075,57,14.25
Gene_1345,33.4175,54,13.5
Gene_1346,37.4725,50,12.5
Gene_1347,34.395,54,13.5
Gene_1348,23.955,56,14.0
Gene_1349,25.9325,61,15.25
Gene_1350,27.9625,58,14.5
Gene_1351,50.705,299,74.75
Gene_1352,29.4975,49,12.25
Gene_1353,38.0375,66,16.5
Gene_1354,20.125,47,11.75
Gene_1355,23.29,44,11.0
Gene_1356,26.8775,54,13.5
Gene_1357,29.335,53,13.25
Gene_1358,20.0575,43,10.75
Gene_1359,29.945,53,13.25
Gene_1360,23.41,44,11.0
Gene_1361,31.475,60,15.0
Gene_1362,19.275,47,11.75
Gene_1363,28.2325,54,13.5
Gene_1364,28.94,58,14.5
Gene_1365,27.4825,61,15.25
Gene_1366,29.6325,54,13.5
Gene_1367,36.7775,57,14.25
Gene_1368,25.6575,53,13.25
Gene_1369,35.2525,54,13.5
Gene_1370,32.215,54,13.5
Gene_1371,44.8675,68,17.0
Gene_1372,26.105,50,12.5
Gene_1373,28.2125,43,10.75
Gene_1374,31.36,51,12.75
Gene_1375,27.95,42,10.5
Gene_1376,29.2275,58,14.5
Gene_1377,30.83,57,14.25
Gene_1378,25.9475,44,11.0
Gene_1379,31.7275,45,11.25
Gene_1380,32.235,61,15.25
Gene_1381,21.2925,55,13.75
Gene_1382,44.22,58,14.5
Gene_1383,30.4175,51,12.75
Gene_1384,16.375,34,8.5
Gene_1385,31.6575,46,11.5
Gene_1386,27.005,60,15.0
Gene_1387,28.33,46,11.5
Gene_1388,25.56,53,13.25
Gene_1389,27.86,57,14.25
Gene_1390,23.4225,50,12.5
Gene_1391,18.1075,42,10.5
Gene_1392,32.065,58,14.5
Gene_1393,26.9025,58,14.5
Gene_1394,32.8025,51,12.75
Gene_1395,45.5275,69,17.25
Gene_1396,31.4825,58,14.5
Gene_1397,28.905,51,12.75
Gene_1398,20.9275,51,12.75
Gene_1399,26.8825,46,11.5
Gene_1400,29.3425,54,13.5
Gene_1401,28.1125,50,12.5
Gene_1402,27.73,47,11.75
Gene_1403,26.1375,49,12.25
Gene_1404,36.1,65,16.25
Gene_1405,26.0775,43,10.75
Gene_1406,30.045,57,14.25
Gene_1407,34.5775,59,14.75
Gene_1408,32.995,51,12.75
Gene_1409,22.8575,46,11.5
Gene_1410,34.36,58,14.5
Gene_1411,18.6475,36,9.0
Gene_1412,40.28,60,15.0
Gene_1413,22.3075,49,12.25
Gene_1414,32.9175,58,14.5
Gene_1415,37.72,58,14.5
Gene_1416,23.4075,46,11.5
Gene_1417,44.0225,50,12.5
Gene_1418,26.2925,55,13.75
Gene_1419,34.9575,59,14.75
Gene_1420,26.9325,52,13.0
Gene_1421,25.8825,55,13.75
Gene_1422,48.815,284,71.0
Gene_1423,52.0025,301,75.25
Gene_1424,35.9875,65,16.25
Gene_1425,38.24,65,16.25
Gene_1426,29.715,50,12.5
Gene_1427,34.0275,54,13.5
Gene_1428,24.1175,42,10.5
Gene_1429,41.1425,48,12.0
Gene_1430,27.39,46,11.5
Gene_1431,25.06,53,13.25
Gene_1432,22.125,50,12.5
Gene_1433,28.1475,54,13.5
Gene_1434,28.5875,46,11.5
Gene_1435,23.775,47,11.75
Gene_1436,28.4925,54,13.5
Gene_1437,23.5225,55,13.75
Gene_1438,29.17,51,12.75
Gene_1439,40.2775,54,13.5
Gene_1440,17.4375,39,9.75
Gene_1441,24.1875,48,12.0
Gene_1442,32.4175,54,13.5
Gene_1443,33.7175,64,16.0
Gene_1444,35.27,57,14.25
Gene_1445,29.9325,50,12.5
Gene_1446,28.9575,46,11.5
Gene_1447,33.3925,56,14.0
Gene_1448,25.8875,51,12.75
Gene_1449,47.3275,290,72.5
Gene_1450,27.27,60,15.0
Gene_1451,23.955,51,12.75
Gene_1452,38.5525,53,13.25
Gene_1453,27.9125,53,13.25
Gene_1454,23.4575,49,12.25
Gene_1455,35.0675,58,14.5
Gene_1456,31.005,58,14.5
Gene_1457,22.3175,51,12.75
Gene_1458,28.085,52,13.0
Gene_1459,29.4375,48,12.0
Gene_1460,26.3125,47,11.75
Gene_1461,33.05,57,14.25
Gene_1462,24.705,46,11.5
Gene_1463,23.65,51,12.75
Gene_1464,29.49,63,15.75
Gene_1465,40.7575,59,14.75
Gene_1466,24.975,51,12.75
Gene_1467,29.8875,56,14.0
Gene_1468,28.055,43,10.75
Gene_1469,24.4125,52,13.0
Gene_1470,30.55,55,13.75
Gene_1471,26.5575,47,11.75
Gene_1472,26.4625,53,13.25
Gene_1473,28.43,50,12.5
Gene_1474,21.1925,41,10.25
Gene_1475,28.7975,50,12.5
Gene_1476,32.565,64,16.0
Gene_1477,29.8375,58,14.5
Gene_1478,28.955,49,12.25
Gene_1479,27.0975,51,12.75
Gene_1480,25.8575,45,11.25
Gene_1481,26.3925,51,12.75
Gene_1482,36.03,56,14.0
Gene_1483,28.385,52,13.0
Gene_1484,44.7175,284,71.0
Gene_1485,29.5925,55,13.75
Gene_1486,53.2975,289,72.25
Gene_1487,30.5575,50,12.5
Gene_1488,31.7175,57,14.25
Gene_1489,29.0475,56,14.0
Gene_1490,23.0125,54,13.5
Gene_1491,26.83,51,12.75
Gene_1492,47.29,294,73.5
Gene_1493,23.305,54,13.5
Gene_1494,25.2275,52,13.0
Gene_1495,28.8825,53,13.25
Gene_1496,33.425,53,13.25
Gene_1497,22.525,49,12.25
Gene_1498,33.745,60,15.0
Gene_1499,48.2875,293,73.25
Gene_1500,19.565,49,12.25
Gene_1501,24.8525,48,12.0
Gene_1502,36.7075,52,13.0
Gene_1503,23.5275,52,13.0
Gene_1504,50.4125,306,76.5
Gene_1505,19.49,38,9.5
Gene_1506,24.38,49,12.25
Gene_1507,27.415,51,12.75
Gene_1508,35.905,58,14.5
Gene_1509,27.74,52,13.0
Gene_1510,24.975,54,13.5
Gene_1511,30.5075,51,12.75
Gene_1512,26.1125,50,12.5
Gene_1513,29.2,42,10.5
Gene_1514,26.6175,51,12.75
Gene_1515,22.2525,40,10.0
Gene_1516,22.255,45,11.25
Gene_1517,27.3875,52,13.0
Gene_1518,24.23,51,12.75
Gene_1519,29.5525,49,12.25
Gene_1520,35.56,57,14.25
Gene_1521,21.3125,46,11.5
Gene_1522,27.77,55,13.75
Gene_1523,36.86,67,16.75
Gene_1524,31.57,58,14.5
Gene_1525,30.2975,49,12.25
Gene_1526,29.6875,57,14.25
Gene_1527,37.47,57,14.25
Gene_1528,23.125,47,11.75
Gene_1529,26.3325,55,13.75
Gene_1530,24.28,43,10.75
Gene_1531,33.1225,59,14.75
Gene_1532,30.7375,57,14.25
Gene_1533,26.66,59,14.75
Gene_1534,29.02,60,15.0
Gene_1535,30.02,51,12.75
Gene_1536,16.6875,38,9.5
Gene_1537,16.885,45,11.25
Gene_1538,33.5025,58,14.5
Gene_1539,32.4825,49,12.25
Gene_1540,36.8775,60,15.0
Gene_1541,34.41,69,17.25
Gene_1542,30.5425,51,12.75
Gene_1543,38.775,61,15.25
Gene_1544,34.6475,57,14.25
Gene_1545,39.0875,53,13.25
Gene_1546,32.02,49,12.25
Gene_1547,23.27,48,12.0
Gene_1548,31.625,54,13.5
Gene_1549,27.3925,53,13.25
Gene_1550,36.92,59,14.75
Gene_1551,30.48,59,14.75
Gene_1552,22.4025,48,12.0
Gene_1553,29.1225,53,13.25
Gene_1554,31.53,57,14.25
Gene_1555,29.6075,51,12.75
Gene_1556,21.7975,47,11.75
Gene_1557,20.4975,50,12.5
Gene_1558,24.235,52,13.0
Gene_1559,31.805,54,13.5
Gene_1560,25.84,51,12.75
Gene_1561,27.625,57,14.25
Gene_1562,30.115,52,13.0
Gene_1563,31.0175,61,15.25
Gene_1564,27.0625,47,11.75
Gene_1565,34.775,56,14.0
Gene_1566,24.645,43,10.75
Gene_1567,33.615,70,17.5
Gene_1568,23.0425,56,14.0
Gene_1569,30.19,46,11.5
Gene_1570,29.115,59,14.75
Gene_1571,29.455,52,13.0
Gene_1572,31.375,54,13.5
Gene_1573,25.6275,52,13.0
Gene_1574,34.235,54,13.5
Gene_1575,29.705,54,13.5
Gene_1576,29.8375,51,12.75
Gene_1577,44.7775,67,16.75
Gene_1578,30.47,57,14.25
Gene_1579,22.585,48,12.0
Gene_1580,26.6725,56,14.0
Gene_1581,33.93,61,15.25
Gene_1582,22.8375,46,11.5
Gene_1583,32.61,53,13.25
Gene_1584,24.46,54,13.5
Gene_1585,27.0175,50,12.5
Gene_1586,33.9275,61,15.25
Gene_1587,21.85,50,12.5
Gene_1588,24.2725,46,11.5
Gene_1589,31.285,61,15.25
Gene_1590,22.54,46,11.5
Gene_1591,28.995,51,12.75
Gene_1592,33.78,55,13.75
Gene_1593,28.6125,49,12.25
Gene_1594,22.2525,52,13.0
Gene_1595,27.7275,47,11.75
Gene_1596,32.6525,59,14.75
Gene_1597,20.825,55,13.75
Gene_1598,26.8125,56,14.0
Gene_1599,24.4075,54,13.5
Gene_1600,28.655,55,13.75
Gene_1601,57.675,298,74.5
Gene_1602,49.88,294,73.5
Gene_1603,25.06,56,14.0
Gene_1604,30.195,63,15.75
Gene_1605,40.775,59,14.75
Gene_1606,17.0275,41,10.25
Gene_1607,22.995,55,13.75
Gene_1608,28.675,48,12.0
Gene_1609,28.625,46,11.5
Gene_1610,24.9425,44,11.0
Gene_1611,22.0375,45,11.25
Gene_1612,24.03,43,10.75
Gene_1613,31.86,56,14.0
Gene_1614,32.0475,53,13.25
Gene_1615,34.435,65,16.25
Gene_1616,26.86,59,14.75
Gene_1617,21.275,44,11.0
Gene_1618,49.2675,297,74.25
Gene_1619,20.53,49,12.25
Gene_1620,23.5975,55,13.75
Gene_1621,26.155,44,11.0
Gene_1622,30.34,59,14.75
Gene_1623,26.72,54,13.5
Gene_1624,28.695,54,13.5
Gene_1625,25.2475,48,12.0
Gene_1626,26.5975,48,12.0
Gene_1627,26.5275,48,12.0
Gene_1628,38.745,65,16.25
Gene_1629,42.245,58,14.5
Gene_1630,30.175,40,10.0
Gene_1631,30.995,54,13.5
Gene_1632,29.6875,55,13.75
Gene_1633,25.64,42,10.5
Gene_1634,31.52,54,13.5
Gene_1635,18.3375,42,10.5
Gene_1636,30.99,52,13.0
Gene_1637,28.185,45,11.25
Gene_1638,28.4825,53,13.25
Gene_1639,25.5675,55,13.75
Gene_1640,26.5925,56,14.0
Gene_1641,27.8325,52,13.0
Gene_1642,24.65,53,13.25
Gene_1643,30.7925,57,14.25
Gene_1644,29.605,55,13.75
Gene_1645,25.6775,46,11.5
Gene_1646,33.2625,56,14.0
Gene_1647,28.435,52,13.0
Gene_1648,29.095,50,12.5
Gene_1649,19.3625,42,10.5
Gene_1650,27.0725,49,12.25
Gene_1651,21.875,54,13.5
Gene_1652,41.3175,61,15.25
Gene_1653,27.365,51,12.75
Gene_1654,20.7575,45,11.25
Gene_1655,22.8375,46,11.5
Gene_1656,31.685,56,14.0
Gene_1657,27.655,55,13.75
Gene_1658,37.2175,57,14.25
Gene_1659,26.15,51,12.75
Gene_1660,39.4975,64,16.0
Gene_1661,25.19,47,11.75
Gene_1662,21.5725,50,12.5
Gene_1663,26.55,54,13.5
Gene_1664,37.38,61,15.25
Gene_1665,29.855,62,15.5
Gene_1666,26.2125,48,12.0
Gene_1667,28.8775,54,13.5
Gene_1668,43.995,59,14.75
Gene_1669,33.3625,63,15.75
Gene_1670,39.7925,60,15.0
Gene_1671,27.6975,54,13.5
Gene_1672,26.31,42,10.5
Gene_1673,25.7975,47,11.75
Gene_1674,34.235,60,15.0
Gene_1675,38.955,57,14.25
Gene_1676,45.5575,63,15.75
Gene_1677,37.165,58,14.5
Gene_1678,26.9625,51,12.75
Gene_1679,28.8325,48,12.0
Gene_1680,22.16,51,12.75
Gene_1681,31.55,60,15.0
Gene_1682,29.9575,60,15.0
Gene_1683,27.8525,45,11.25
Gene_1684,32.76,62,15.5
Gene_1685,30.8375,65,16.25
Gene_1686,26.6725,56,14.0
Gene_1687,22.41,34,8.5
Gene_1688,29.4075,58,14.5
Gene_1689,32.435,56,14.0
Gene_1690,29.3625,53,13.25
Gene_1691,31.34,55,13.75
Gene_1692,28.0525,44,11.0
Gene_1693,30.8675,43,10.75
Gene_1694,27.12,57,14.25
Gene_1695,25.4875,64,16.0
Gene_1696,30.84,51,12.75
Gene_1697,36.7975,52,13.0
Gene_1698,29.9625,56,14.0
Gene_1699,26.11,56,14.0
Gene_1700,24.84,49,12.25
Gene_1701,28.805,65,16.25
Gene_1702,58.7325,304,76.0
Gene_1703,32.5125,62,15.5
Gene_1704,25.695,51,12.75
Gene_1705,30.04,48,12.0
Gene_1706,25.5225,50,12.5
Gene_1707,37.13,47,11.75
Gene_1708,16.7825,40,10.0
Gene_1709,40.05,57,14.25
Gene_1710,30.8675,62,15.5
Gene_1711,25.2525,49,12.25
Gene_1712,24.355,44,11.0
Gene_1713,24.2775,42,10.5
Gene_1714,30.6625,53,13.25
Gene_1715,28.6075,56,14.0
Gene_1716,30.165,49,12.25
Gene_1717,28.33,58,14.5
Gene_1718,31.175,49,12.25
Gene_1719,18.1625,49,12.25
Gene_1720,26.7125,45,11.25
Gene_1721,23.95,45,11.25
Gene_1722,19.23,50,12.5
Gene_1723,28.06,61,15.25
Gene_1724,51.4325,292,73.0
Gene_1725,37.875,62,15.5
Gene_1726,27.1075,49,12.25
Gene_1727,28.2025,52,13.0
Gene_1728,25.98,55,13.75
Gene_1729,33.075,56,14.0
Gene_1730,23.545,38,9.5
Gene_1731,23.9325,51,12.75
Gene_1732,20.46,50,12.5
Gene_1733,35.98,51,12.75
Gene_1734,21.22,52,13.0
Gene_1735,43.3125,60,15.0
Gene_1736,30.805,56,14.0
Gene_1737,34.2525,48,12.0
Gene_1738,37.665,68,17.0
Gene_1739,34.8,57,14.25
Gene_1740,23.985,54,13.5
Gene_1741,38.8975,63,15.75
Gene_1742,30.38,48,12.0
Gene_1743,28.94,47,11.75
Gene_1744,24.8425,56,14.0
Gene_1745,26.96,48,12.0
Gene_1746,22.8875,41,10.25
Gene_1747,28.475,51,12.75
Gene_1748,23.525,53,13.25
Gene_1749,35.58,55,13.75
Gene_1750,36.995,67,16.75
Gene_1751,25.6,64,16.0
Gene_1752,25.1775,50,12.5
Gene_1753,33.755,58,14.5
Gene_1754,29.7425,50,12.5
Gene_1755,19.265,38,9.5
Gene_1756,28.1375,48,12.0
Gene_1757,27.7325,51,12.75
Gene_1758,30.3575,56,14.0
Gene_1759,31.96,59,14.75
Gene_1760,28.6925,49,12.25
Gene_1761,26.9275,49,12.25
Gene_1762,14.6725,35,8.75
Gene_1763,25.225,55,13.75
Gene_1764,31.0525,49,12.25
Gene_1765,26.7525,43,10.75
Gene_1766,33.5875,58,14.5
Gene_1767,23.025,40,10.0
Gene_1768,19.0025,45,11.25
Gene_1769,31.88,58,14.5
Gene_1770,28.5125,49,12.25
Gene_1771,26.6675,49,12.25
Gene_1772,29.4875,52,13.0
Gene_1773,31.45,53,13.25
Gene_1774,21.9075,42,10.5
Gene_1775,36.6225,53,13.25
Gene_1776,30.0475,51,12.75
Gene_1777,22.65,40,10.0
Gene_1778,25.2725,48,12.0
Gene_1779,26.1675,56,14.0
Gene_1780,24.9975,42,10.5
Gene_1781,12.6325,34,8.5
Gene_1782,22.865,53,13.25
Gene_1783,18.92,47,11.75
Gene_1784,32.795,56,14.0
Gene_1785,32.3475,62,15.5
Gene_1786,32.2075,52,13.0
Gene_1787,24.4325,38,9.5
Gene_1788,31.4825,54,13.5
Gene_1789,31.13,50,12.5
Gene_1790,31.75,54,13.5
Gene_1791,27.0175,49,12.25
Gene_1792,20.0225,42,10.5
Gene_1793,22.5525,45,11.25
Gene_1794,28.22,40,10.0
Gene_1795,30.4675,58,14.5
Gene_1796,48.335,69,17.25
Gene_1797,21.675,44,11.0
Gene_1798,33.5725,53,13.25
Gene_1799,35.825,66,16.5
Gene_1800,27.3025,47,11.75
Gene_1801,23.23,37,9.25
Gene_1802,23.16,46,11.5
Gene_1803,20.3425,44,11.0
Gene_1804,29.06,55,13.75
Gene_1805,20.5575,48,12.0
Gene_1806,28.1625,52,13.0
Gene_1807,35.2275,65,16.25
Gene_1808,28.515,50,12.5
Gene_1809,22.62,51,12.75
Gene_1810,28.2,47,11.75
Gene_1811,25.79,58,14.5
Gene_1812,34.3375,53,13.25
Gene_1813,23.8275,49,12.25
Gene_1814,23.1675,50,12.5
Gene_1815,38.745,61,15.25
Gene_1816,11.8525,32,8.0
Gene_1817,35.825,61,15.25
Gene_1818,44.1375,75,18.75
Gene_1819,39.5825,50,12.5
Gene_1820,25.23,51,12.75
Gene_1821,25.415,46,11.5
Gene_1822,31.1925,49,12.25
Gene_1823,30.7425,43,10.75
Gene_1824,25.945,50,12.5
Gene_1825,28.055,54,13.5
Gene_1826,29.1575,58,14.5
Gene_1827,29.13,51,12.75
Gene_1828,18.425,32,8.0
Gene_1829,37.23,52,13.0
Gene_1830,24.83,48,12.0
Gene_1831,27.85,48,12.0
Gene_1832,35.2575,59,14.75
Gene_1833,47.4625,288,72.0
Gene_1834,28.15,51,12.75
Gene_1835,22.03,47,11.75
Gene_1836,24.44,49,12.25
Gene_1837,38.895,65,16.25
Gene_1838,22.76,47,11.75
Gene_1839,30.32,49,12.25
Gene_1840,22.6575,47,11.75
Gene_1841,31.3525,66,16.5
Gene_1842,27.26,51,12.75
Gene_1843,27.92,57,14.25
Gene_1844,40.84,68,17.0
Gene_1845,32.7025,49,12.25
Gene_1846,24.345,43,10.75
Gene_1847,30.64,54,13.5
Gene_1848,31.17,44,11.0
Gene_1849,24.545,53,13.25
Gene_1850,31.8375,58,14.5
Gene_1851,29.6625,48,12.0
Gene_1852,36.965,58,14.5
Gene_1853,17.94,38,9.5
Gene_1854,29.47,58,14.5
Gene_1855,24.5525,53,13.25
Gene_1856,22.825,46,11.5
Gene_1857,23.3,45,11.25
Gene_1858,39.6175,73,18.25
Gene_1859,22.4575,55,13.75
Gene_1860,29.6525,58,14.5
Gene_1861,30.23,53,13.25
Gene_1862,27.5075,55,13.75
Gene_1863,23.97,43,10.75
Gene_1864,29.26,50,12.5
Gene_1865,23.91,48,12.0
Gene_1866,44.905,296,74.0
Gene_1867,16.88,45,11.25
Gene_1868,24.545,54,13.5
Gene_1869,36.06,50,12.5
Gene_1870,23.3675,48,12.0
Gene_1871,42.985,58,14.5
Gene_1872,26.93,52,13.0
Gene_1873,32.325,59,14.75
Gene_1874,33.4825,53,13.25
Gene_1875,23.005,54,13.5
Gene_1876,27.665,48,12.0
Gene_1877,14.215,37,9.25
Gene_1878,27.31,49,12.25
Gene_1879,28.51,56,14.0
Gene_1880,26.92,55,13.75
Gene_1881,23.4275,43,10.75
Gene_1882,34.185,62,15.5
Gene_1883,40.045,62,15.5
Gene_1884,28.2725,50,12.5
Gene_1885,30.925,52,13.0
Gene_1886,25.5775,35,8.75
Gene_1887,31.3175,54,13.5
Gene_1888,24.7225,55,13.75
Gene_1889,36.82,56,14.0
Gene_1890,29.82,55,13.75
Gene_1891,25.7975,49,12.25
Gene_1892,29.0975,58,14.5
Gene_1893,34.015,59,14.75
Gene_1894,29.025,52,13.0
Gene_1895,33.5375,55,13.75
Gene_1896,25.46,52,13.0
Gene_1897,28.475,55,13.75
Gene_1898,26.9475,50,12.5
Gene_1899,28.6,55,13.75
Gene_1900,21.53,57,14.25
Gene_1901,24.29,45,11.25
Gene_1902,25.0325,40,10.0
Gene_1903,31.7275,60,15.0
Gene_1904,31.75,57,14.25
Gene_1905,25.5425,56,14.0
Gene_1906,30.105,57,14.25
Gene_1907,20.765,55,13.75
Gene_1908,25.57,49,12.25
Gene_1909,26.465,53,13.25
Gene_1910,25.23,47,11.75
Gene_1911,35.835,61,15.25
Gene_1912,24.4125,47,11.75
Gene_1913,26.0975,43,10.75
Gene_1914,23.615,51,12.75
Gene_1915,32.4925,54,13.5
Gene_1916,17.64,36,9.0
Gene_1917,42.7425,56,14.0
Gene_1918,20.8475,47,11.75
Gene_1919,27.785,57,14.25
Gene_1920,19.0525,45,11.25
Gene_1921,27.4575,52,13.0
Gene_1922,25.965,47,11.75
Gene_1923,35.37,60,15.0
Gene_1924,23.815,47,11.75
Gene_1925,23.625,52,13.0
Gene_1926,37.3075,56,14.0
Gene_1927,36.725,56,14.0
Gene_1928,38.495,55,13.75
Gene_1929,28.39,54,13.5
Gene_1930,31.7475,60,15.0
Gene_1931,34.0325,53,13.25
Gene_1932,22.245,55,13.75
Gene_1933,33.2175,48,12.0
Gene_1934,33.95,60,15.0
Gene_1935,26.32,50,12.5
Gene_1936,28.0925,49,12.25
Gene_1937,29.2075,49,12.25
Gene_1938,31.6775,60,15.0
Gene_1939,31.9125,50,12.5
Gene_1940,26.89,54,13.5
Gene_1941,29.41,52,13.0
Gene_1942,22.135,42,10.5
Gene_1943,29.7925,50,12.5
Gene_1944,26.5225,54,13.5
Gene_1945,26.815,46,11.5
Gene_1946,28.185,52,13.0
Gene_1947,26.0575,56,14.0
Gene_1948,27.45,50,12.5
Gene_1949,38.37,65,16.25
Gene_1950,30.6075,54,13.5
Gene_1951,26.12,53,13.25
Gene_1952,26.085,53,13.25
Gene_1953,26.6625,46,11.5
Gene_1954,22.34,43,10.75
Gene_1955,31.6625,57,14.25
Gene_1956,24.195,46,11.5
Gene_1957,51.2375,293,73.25
Gene_1958,22.8025,48,12.0
Gene_1959,22.1525,47,11.75
Gene_1960,21.4,53,13.25
Gene_1961,37.9825,59,14.75
Gene_1962,25.5075,49,12.25
Gene_1963,25.9375,51,12.75
Gene_1964,29.7325,46,11.5
Gene_1965,24.12,47,11.75
Gene_1966,32.4,56,14.0
Gene_1967,33.3575,56,14.0
Gene_1968,36.625,52,13.0
Gene_1969,30.43,45,11.25
Gene_1970,22.315,48,12.0
Gene_1971,25.9725,52,13.0
Gene_1972,27.1925,59,14.75
Gene_1973,14.97,40,10.0
Gene_1974,17.495,45,11.25
Gene_1975,22.8275,52,13.0
Gene_1976,28.8025,51,12.75
Gene_1977,32.92,56,14.0
Gene_1978,27.7725,53,13.25
Gene_1979,33.075,46,11.5
Gene_1980,25.0525,56,14.0
Gene_1981,46.575,64,16.0
Gene_1982,25.6475,53,13.25
Gene_1983,25.8575,48,12.0
Gene_1984,19.115,38,9.5
Gene_1985,27.2375,49,12.25
Gene_1986,29.66,54,13.5
Gene_1987,26.2,45,11.25
Gene_1988,28.06,50,12.5
Gene_1989,26.795,55,13.75
Gene_1990,30.2975,53,13.25
Gene_1991,35.3,61,15.25
Gene_1992,52.94,307,76.75
Gene_1993,27.7575,49,12.25
Gene_1994,33.0075,59,14.75
Gene_1995,30.94,46,11.5
Gene_1996,40.7175,68,17.0
Gene_1997,24.5,53,13.25
Gene_1998,24.83,49,12.25
Gene_1999,23.6125,51,12.75
Gene_2000,35.0175,46,11.5
Gene_2001,43.45,266,66.5
Gene_2002,25.4475,49,12.25
Gene_2003,30.0175,49,12.25
Gene_2004,32.6125,58,14.5
Gene_2005,33.405,60,15.0
Gene_2006,35.1175,54,13.5
Gene_2007,28.1275,48,12.0
Gene_2008,28.385,56,14.0
Gene_2009,20.9525,46,11.5
Gene_2010,31.0425,60,15.0
Gene_2011,23.1775,51,12.75
Gene_2012,29.1125,54,13.5
Gene_2013,34.0275,56,14.0
Gene_2014,37.2325,65,16.25
Gene_2015,38.1525,62,15.5
Gene_2016,29.565,50,12.5
Gene_2017,32.16,52,13.0
Gene_2018,27.08,51,12.75
Gene_2019,25.0725,53,13.25
Gene_2020,28.0,51,12.75
Gene_2021,30.4825,51,12.75
Gene_2022,25.79,42,10.5
Gene_2023,21.0175,49,12.25
Gene_2024,23.2025,45,11.25
Gene_2025,34.99,57,14.25
Gene_2026,30.54,60,15.0
Gene_2027,32.0175,60,15.0
Gene_2028,35.555,53,13.25
Gene_2029,28.1025,51,12.75
Gene_2030,21.475,42,10.5
Gene_2031,22.185,47,11.75
Gene_2032,23.0225,37,9.25
Gene_2033,39.905,58,14.5
Gene_2034,39.4975,60,15.0
Gene_2035,39.1025,76,19.0
Gene_2036,30.495,53,13.25
Gene_2037,24.065,45,11.25
Gene_2038,28.21,50,12.5
Gene_2039,32.8925,61,15.25
Gene_2040,29.5525,59,14.75
Gene_2041,45.74,290,72.5
Gene_2042,25.7675,45,11.25
Gene_2043,30.79,53,13.25
Gene_2044,28.34,60,15.0
Gene_2045,24.81,47,11.75
Gene_2046,29.2875,55,13.75
Gene_2047,30.1375,46,11.5
Gene_2048,29.175,56,14.0
Gene_2049,30.5875,56,14.0
Gene_2050,22.87,46,11.5
Gene_2051,23.86,55,13.75
Gene_2052,27.095,57,14.25
Gene_2053,23.8175,54,13.5
Gene_2054,28.785,49,12.25
Gene_2055,19.725,40,10.0
Gene_2056,29.4625,57,14.25
Gene_2057,25.925,52,13.0
Gene_2058,34.125,58,14.5
Gene_2059,25.8325,45,11.25
Gene_2060,33.82,58,14.5
Gene_2061,23.48,48,12.0
Gene_2062,38.8875,55,13.75
Gene_2063,49.8875,287,71.75
Gene_2064,33.62,57,14.25
Gene_2065,23.0575,47,11.75
Gene_2066,26.7275,50,12.5
Gene_2067,30.5975,58,14.5
Gene_2068,16.1525,51,12.75
Gene_2069,31.095,62,15.5
Gene_2070,29.4225,55,13.75
Gene_2071,38.005,64,16.0
Gene_2072,24.8725,49,12.25
Gene_2073,24.0475,52,13.0
Gene_2074,40.485,54,13.5
Gene_2075,26.8725,43,10.75
Gene_2076,28.7,54,13.5
Gene_2077,20.6175,39,9.75
Gene_2078,26.95,50,12.5
Gene_2079,18.115,44,11.0
Gene_2080,33.1,49,12.25
Gene_2081,22.1025,48,12.0
Gene_2082,49.985,301,75.25
Gene_2083,25.95,49,12.25
Gene_2084,28.5375,60,15.0
Gene_2085,27.725,44,11.0
Gene_2086,25.86,45,11.25
Gene_2087,32.7075,58,14.5
Gene_2088,25.75,51,12.75
Gene_2089,22.455,48,12.0
Gene_2090,27.405,48,12.0
Gene_2091,25.8875,43,10.75
Gene_2092,31.5725,53,13.25
Gene_2093,21.735,40,10.0
Gene_2094,30.4375,60,15.0
Gene_2095,30.305,57,14.25
Gene_2096,15.49,41,10.25
Gene_2097,29.035,57,14.25
Gene_2098,32.165,51,12.75
Gene_2099,24.3225,47,11.75
Gene_2100,27.4525,51,12.75
Gene_2101,41.02,70,17.5
Gene_2102,24.045,58,14.5
Gene_2103,27.045,49,12.25
Gene_2104,24.4525,45,11.25
Gene_2105,30.1075,56,14.0
Gene_2106,27.5925,50,12.5
Gene_2107,24.6325,49,12.25
Gene_2108,39.65,58,14.5
Gene_2109,22.0325,49,12.25
Gene_2110,23.685,49,12.25
Gene_2111,32.2825,51,12.75
Gene_2112,34.1875,51,12.75
Gene_2113,25.0675,54,13.5
Gene_2114,33.195,49,12.25
Gene_2115,38.315,52,13.0
Gene_2116,35.9725,58,14.5
Gene_2117,27.1425,63,15.75
Gene_2118,34.35,45,11.25
Gene_2119,23.7225,47,11.75
Gene_2120,23.7875,45,11.25
Gene_2121,23.8575,41,10.25
Gene_2122,26.0625,44,11.0
Gene_2123,35.9175,61,15.25
Gene_2124,26.0225,49,12.25
Gene_2125,25.2675,50,12.5
Gene_2126,52.3325,317,79.25
Gene_2127,33.47,54,13.5
Gene_2128,32.05,58,14.5
Gene_2129,27.23,49,12.25
Gene_2130,34.7,65,16.25
Gene_2131,24.72,45,11.25
Gene_2132,22.6875,49,12.25
Gene_2133,23.41,52,13.0
Gene_2134,24.555,42,10.5
Gene_2135,25.7775,53,13.25
Gene_2136,29.5575,50,12.5
Gene_2137,30.37,54,13.5
Gene_2138,26.7425,58,14.5
Gene_2139,32.225,61,15.25
Gene_2140,27.84,53,13.25
Gene_2141,23.68,47,11.75
Gene_2142,36.815,59,14.75
Gene_2143,30.4575,64,16.0
Gene_2144,30.8475,49,12.25
Gene_2145,33.5225,62,15.5
Gene_2146,25.28,41,10.25
Gene_2147,22.0825,50,12.5
Gene_2148,23.995,49,12.25
Gene_2149,29.405,54,13.5
Gene_2150,38.95,58,14.5
Gene_2151,33.9625,49,12.25
Gene_2152,32.3325,43,10.75
Gene_2153,32.6325,53,13.25
Gene_2154,31.7125,67,16.75
Gene_2155,28.07,60,15.0
Gene_2156,27.4575,57,14.25
Gene_2157,32.775,57,14.25
Gene_2158,27.6325,57,14.25
Gene_2159,21.4825,36,9.0
Gene_2160,24.04,45,11.25
Gene_2161,21.6525,41,10.25
Gene_2162,21.83,47,11.75
Gene_2163,26.7,49,12.25
Gene_2164,24.1575,57,14.25
Gene_2165,37.7825,55,13.75
Gene_2166,21.345,48,12.0
Gene_2167,23.56,49,12.25
Gene_2168,28.9175,50,12.5
Gene_2169,29.9525,55,13.75
Gene_2170,29.7075,59,14.75
Gene_2171,25.13,49,12.25
Gene_2172,29.195,55,13.75
Gene_2173,23.74,51,12.75
Gene_2174,35.5175,49,12.25
Gene_2175,24.6575,44,11.0
Gene_2176,25.0425,48,12.0
Gene_2177,25.4175,51,12.75
Gene_2178,41.6675,57,14.25
Gene_2179,30.1225,52,13.0
Gene_2180,22.9075,47,11.75
Gene_2181,30.9975,54,13.5
Gene_2182,24.3925,44,11.0
Gene_2183,24.365,46,11.5
Gene_2184,31.0925,49,12.25
Gene_2185,22.29,57,14.25
Gene_2186,25.2625,42,10.5
Gene_2187,27.995,54,13.5
Gene_2188,33.34,47,11.75
Gene_2189,24.1725,55,13.75
Gene_2190,34.0225,52,13.0
Gene_2191,26.41,46,11.5
Gene_2192,22.0075,59,14.75
Gene_2193,26.24,59,14.75
Gene_2194,32.83,52,13.0
Gene_2195,25.84,44,11.0
Gene_2196,28.7275,47,11.75
Gene_2197,26.25,42,10.5
Gene_2198,26.0275,47,11.75
Gene_2199,28.035,43,10.75
Gene_2200,26.815,57,14.25
Gene_2201,18.435,41,10.25
Gene_2202,28.7275,53,13.25
Gene_2203,25.88,50,12.5
Gene_2204,29.58,41,10.25
Gene_2205,27.6625,53,13.25
Gene_2206,32.295,53,13.25
Gene_2207,40.9425,56,14.0
Gene_2208,32.775,57,14.25
Gene_2209,20.405,43,10.75
Gene_2210,39.705,70,17.5
Gene_2211,33.3525,50,12.5
Gene_2212,33.7475,56,14.0
Gene_2213,22.4675,52,13.0
Gene_2214,26.84,52,13.0
Gene_2215,32.85,56,14.0
Gene_2216,27.3075,59,14.75
Gene_2217,24.815,42,10.5
Gene_2218,35.365,49,12.25
Gene_2219,25.17,62,15.5
Gene_2220,24.93,46,11.5
Gene_2221,31.9025,61,15.25
Gene_2222,31.6,45,11.25
Gene_2223,54.735,285,71.25
Gene_2224,21.3975,45,11.25
Gene_2225,36.5825,59,14.75
Gene_2226,30.5775,55,13.75
Gene_2227,21.05,41,10.25
Gene_2228,29.885,50,12.5
Gene_2229,32.295,58,14.5
Gene_2230,29.555,51,12.75
Gene_2231,23.5775,43,10.75
Gene_2232,30.0825,60,15.0
Gene_2233,24.5175,52,13.0
Gene_2234,30.495,60,15.0
Gene_2235,28.3125,51,12.75
Gene_2236,35.3325,52,13.0
Gene_2237,50.7575,299,74.75
Gene_2238,31.915,51,12.75
Gene_2239,31.3025,53,13.25
Gene_2240,27.2875,45,11.25
Gene_2241,35.605,55,13.75
Gene_2242,20.9575,38,9.5
Gene_2243,32.115,50,12.5
Gene_2244,22.435,57,14.25
Gene_2245,25.275,42,10.5
Gene_2246,31.2325,53,13.25
Gene_2247,20.065,49,12.25
Gene_2248,26.6475,56,14.0
Gene_2249,30.0525,58,14.5
Gene_2250,28.585,53,13.25
Gene_2251,26.12,47,11.75
Gene_2252,32.4875,54,13.5
Gene_2253,32.56,53,13.25
Gene_2254,29.5275,54,13.5
Gene_2255,27.3775,50,12.5
Gene_2256,37.9875,66,16.5
Gene_2257,26.55,54,13.5
Gene_2258,37.43,54,13.5
Gene_2259,32.315,52,13.0
Gene_2260,34.1925,53,13.25
Gene_2261,33.5225,51,12.75
Gene_2262,28.645,49,12.25
Gene_2263,26.565,48,12.0
Gene_2264,23.775,46,11.5
Gene_2265,28.0675,44,11.0
Gene_2266,22.455,48,12.0
Gene_2267,33.91,50,12.5
Gene_2268,30.1525,57,14.25
Gene_2269,22.86,44,11.0
Gene_2270,41.22,75,18.75
Gene_2271,22.1325,47,11.75
Gene_2272,26.8325,43,10.75
Gene_2273,35.0675,54,13.5
Gene_2274,29.045,57,14.25
Gene_2275,31.665,57,14.25
Gene_2276,30.1425,53,13.25
Gene_2277,26.485,42,10.5
Gene_2278,36.8875,62,15.5
Gene_2279,32.505,57,14.25
Gene_2280,15.145,35,8.75
Gene_2281,26.5825,44,11.0
Gene_2282,26.4775,50,12.5
Gene_2283,25.5325,47,11.75
Gene_2284,34.75,53,13.25
Gene_2285,35.75,66,16.5
Gene_2286,31.745,49,12.25
Gene_2287,29.825,60,15.0
Gene_2288,32.165,66,16.5
Gene_2289,19.635,45,11.25
Gene_2290,25.655,51,12.75
Gene_2291,26.36,52,13.0
Gene_2292,33.61,55,13.75
Gene_2293,33.5425,51,12.75
Gene_2294,45.905,60,15.0
Gene_2295,22.83,36,9.0
Gene_2296,32.29,56,14.0
Gene_2297,33.94,56,14.0
Gene_2298,26.205,52,13.0
Gene_2299,40.025,58,14.5
Gene_2300,48.6275,282,70.5
Gene_2301,32.305,56,14.0
Gene_2302,32.0525,61,15.25
Gene_2303,28.965,61,15.25
Gene_2304,32.97,54,13.5
Gene_2305,32.5075,58,14.5
Gene_2306,20.355,42,10.5
Gene_2307,27.635,44,11.0
Gene_2308,17.975,37,9.25
Gene_2309,23.7475,43,10.75
Gene_2310,31.015,53,13.25
Gene_2311,19.415,49,12.25
Gene_2312,30.04,47,11.75
Gene_2313,30.3,55,13.75
Gene_2314,25.9725,43,10.75
Gene_2315,18.755,46,11.5
Gene_2316,19.4575,51,12.75
Gene_2317,31.18,60,15.0
Gene_2318,25.44,48,12.0
Gene_2319,46.9825,300,75.0
Gene_2320,22.135,45,11.25
Gene_2321,38.115,61,15.25
Gene_2322,52.9125,298,74.5
Gene_2323,26.605,44,11.0
Gene_2324,28.8025,53,13.25
Gene_2325,29.975,50,12.5
Gene_2326,24.34,52,13.0
Gene_2327,28.5,60,15.0
Gene_2328,26.835,58,14.5
Gene_2329,29.1,52,13.0
Gene_2330,34.08,52,13.0
Gene_2331,24.1375,51,12.75
Gene_2332,23.6675,56,14.0
Gene_2333,23.3375,58,14.5
Gene_2334,24.9975,42,10.5
Gene_2335,27.76,49,12.25
Gene_2336,27.2975,46,11.5
Gene_2337,19.6775,42,10.5
Gene_2338,40.14,65,16.25
Gene_2339,20.09,45,11.25
Gene_2340,31.365,51,12.75
Gene_2341,20.3775,40,10.0
Gene_2342,40.4725,64,16.0
Gene_2343,25.875,52,13.0
Gene_2344,27.19,55,13.75
Gene_2345,26.8225,51,12.75
Gene_2346,31.575,58,14.5
Gene_2347,30.935,51,12.75
Gene_2348,20.8,46,11.5
Gene_2349,33.9775,48,12.0
Gene_2350,21.875,45,11.25
Gene_2351,32.45,58,14.5
Gene_2352,25.68,57,14.25
Gene_2353,23.475,47,11.75
Gene_2354,38.275,60,15.0
Gene_2355,53.2725,300,75.0
Gene_2356,27.9025,51,12.75
Gene_2357,35.3475,55,13.75
Gene_2358,21.7925,46,11.5
Gene_2359,34.535,56,14.0
Gene_2360,32.0775,52,13.0
Gene_2361,20.2025,41,10.25
Gene_2362,17.8075,44,11.0
Gene_2363,37.8075,59,14.75
Gene_2364,26.295,42,10.5
Gene_2365,26.2325,47,11.75
Gene_2366,39.0375,55,13.75
Gene_2367,23.94,40,10.0
Gene_2368,19.66,44,11.0
Gene_2369,25.9175,43,10.75
Gene_2370,28.6275,57,14.25
Gene_2371,30.6525,55,13.75
Gene_2372,30.825,51,12.75
Gene_2373,30.77,59,14.75
Gene_2374,27.05,46,11.5
Gene_2375,23.6625,40,10.0
Gene_2376,36.1275,56,14.0
Gene_2377,29.8775,57,14.25
Gene_2378,25.135,52,13.0
Gene_2379,26.0525,57,14.25
Gene_2380,38.7875,59,14.75
Gene_2381,46.2925,58,14.5
Gene_2382,31.815,54,13.5
Gene_2383,31.4475,59,14.75
Gene_2384,31.355,49,12.25
Gene_2385,25.4025,41,10.25
Gene_2386,35.2625,60,15.0
Gene_2387,18.1575,38,9.5
Gene_2388,29.875,58,14.5
Gene_2389,22.55,50,12.5
Gene_2390,47.6075,286,71.5
Gene_2391,29.7325,62,15.5
Gene_2392,27.235,52,13.0
Gene_2393,23.2575,40,10.0
Gene_2394,23.8525,47,11.75
Gene_2395,36.51,60,15.0
Gene_2396,31.345,54,13.5
Gene_2397,34.8975,57,14.25
Gene_2398,24.995,56,14.0
Gene_2399,36.47,50,12.5
Gene_2400,25.36,50,12.5
Gene_2401,30.385,50,12.5
Gene_2402,35.4575,57,14.25
Gene_2403,35.17,63,15.75
Gene_2404,21.345,36,9.0
Gene_2405,26.225,42,10.5
Gene_2406,27.5675,53,13.25
Gene_2407,28.8,61,15.25
Gene_2408,28.37,54,13.5
Gene_2409,32.3975,50,12.5
Gene_2410,30.445,53,13.25
Gene_2411,27.54,51,12.75
Gene_2412,26.6825,51,12.75
Gene_2413,27.815,52,13.0
Gene_2414,31.145,59,14.75
Gene_2415,27.0625,52,13.0
Gene_2416,30.6775,56,14.0
Gene_2417,25.065,45,11.25
Gene_2418,26.8675,48,12.0
Gene_2419,23.3175,44,11.0
Gene_2420,43.7975,65,16.25
Gene_2421,27.275,47,11.75
Gene_2422,27.99,53,13.25
Gene_2423,42.2325,62,15.5
Gene_2424,28.4275,51,12.75
Gene_2425,36.2875,57,14.25
Gene_2426,29.5,56,14.0
Gene_2427,29.235,55,13.75
Gene_2428,30.2625,52,13.0
Gene_2429,31.4675,55,13.75
Gene_2430,20.3375,42,10.5
Gene_2431,36.16,57,14.25
Gene_2432,30.82,49,12.25
Gene_2433,30.2175,45,11.25
Gene_2434,24.855,54,13.5
Gene_2435,29.6525,52,13.0
Gene_2436,27.98,48,12.0
Gene_2437,21.1725,36,9.0
Gene_2438,23.445,41,10.25
Gene_2439,25.07,48,12.0
Gene_2440,33.8625,51,12.75
Gene_2441,18.075,43,10.75
Gene_2442,24.165,50,12.5
Gene_2443,23.1425,52,13.0
Gene_2444,32.23,67,16.75
Gene_2445,27.525,51,12.75
Gene_2446,25.955,48,12.0
Gene_2447,28.33,53,13.25
Gene_2448,31.805,55,13.75
Gene_2449,48.0025,289,72.25
Gene_2450,28.41,54,13.5
Gene_2451,50.805,301,75.25
Gene_2452,21.6925,47,11.75
Gene_2453,23.4,56,14.0
Gene_2454,27.69,46,11.5
Gene_2455,24.0875,59,14.75
Gene_2456,37.7875,65,16.25
Gene_2457,27.3725,53,13.25
Gene_2458,26.4175,52,13.0
Gene_2459,27.76,52,13.0
Gene_2460,23.07,53,13.25
Gene_2461,21.215,51,12.75
Gene_2462,23.625,41,10.25
Gene_2463,27.9575,55,13.75
Gene_2464,17.9875,39,9.75
Gene_2465,32.795,49,12.25
Gene_2466,31.51,59,14.75
Gene_2467,49.0825,292,73.0
Gene_2468,35.5975,55,13.75
Gene_2469,22.11,41,10.25
Gene_2470,28.615,48,12.0
Gene_2471,25.74,48,12.0
Gene_2472,30.0525,49,12.25
Gene_2473,22.88,53,13.25
Gene_2474,28.4,48,12.0
Gene_2475,20.0575,52,13.0
Gene_2476,35.1175,51,12.75
Gene_2477,21.2725,39,9.75
Gene_2478,34.89,67,16.75
Gene_2479,28.6075,55,13.75
Gene_2480,18.0575,38,9.5
Gene_2481,25.47,51,12.75
Gene_2482,36.0975,63,15.75
Gene_2483,27.095,46,11.5
Gene_2484,25.6025,44,11.0
Gene_2485,25.8,45,11.25
Gene_2486,26.375,49,12.25
Gene_2487,20.6525,42,10.5
Gene_2488,23.665,46,11.5
Gene_2489,31.23,50,12.5
Gene_2490,22.3525,41,10.25
Gene_2491,28.2275,49,12.25
Gene_2492,31.415,52,13.0
Gene_2493,40.635,70,17.5
Gene_2494,37.46,58,14.5
Gene_2495,52.4675,306,76.5
Gene_2496,24.65,47,11.75
Gene_2497,26.085,48,12.0
Gene_2498,25.4325,56,14.0
Gene_2499,32.235,50,12.5
Gene_2500,25.455,44,11.0
